,5GLN,6ALA,9VAL,10LYS,11VAL,12ASP,13GLY,14SER,15GLU,17LYS,19SER,24LYS,25ARG,28LYS,29ALA,30GLU,31LYS,33VAL,34ALA,35GLU,36LYS,41LYS,42GLU,45GLU,49SER,51ALA,52THR,53ALA,54ALA,56THR,59THR,60THR,61ASP,62ASN,63GLY,65GLY,67GLU,68GLU,70SER,72ASP,Averages
R1,2.2720987610349965,1.6584680944795442,0.8577747909368527,1.5939193501176252,1.163567510434556,2.202613957278233,3.2939500665071266,3.732437146656431,2.2835746632910423,2.278002531492563,3.519403642160526,3.1353686440681505,2.42301715107722,4.90756379522828,4.651826068202213,1.4415088232631525,0.1685722960247491,2.399232866854749,2.185245076042398,0.8028168146559795,1.8946794836477898,1.0419523300590505,3.4807621434077793,0.9086157177238408,2.3641147946847867,2.323461819278802,1.304033367765817,2.474331376140393,1.8385788331777246,1.1206834034887398,0.0,2.226668470673698,1.763427670393035,1.6160637011486338,1.0703839529741876,0.0,0.0,0.0,0.0,2.919490106776655,2.114417342287509
R2,0.0,0.0,0.0,0.0,0.0,0.0,0.0,0.0,0.0,0.0,0.0,0.0,0.0,0.0,0.0,0.0,0.0,0.0,0.0,0.0,0.0,0.0,0.0,0.0,0.0,0.0,0.0,0.0,0.0,0.0,0.0,0.0,0.0,0.0,0.0,0.0,0.026766586893700373,0.38756705238705136,0.03994425032457882,0.0,0.0
hetNOE,13.233454855686952,12.685337124838101,0.6252861404435053,4.097312499398981,4.875438247462116,3.1773821821648376,1.7337329477276464,0.7612820156039299,1.9623968959113816,1.849548632591766,3.388905396530407,1.270150884460417,1.8113942974503106,2.2500538284535794,1.4742847820342586,4.65975638003499,11.301704686042848,1.968216493416476,2.544412753985997,8.481636025441503,2.4582855565877195,5.829178991146938,2.812717243140252,5.054865535886407,1.6827597702350614,2.57797677966438,6.082047500464053,6.40091033983216,7.047255801210449,10.169589632108915,5.771829303646369,10.261911539943785,9.07706563199879,12.513728553999144,9.17541054422335,8.709230303208084,11.020893876462452,12.063601020962764,19.09799271209829,17.74312587761838,7.64709558018337
