,5GLN,6ALA,9VAL,10LYS,11VAL,12ASP,13GLY,14SER,15GLU,17LYS,19SER,24LYS,25ARG,28LYS,29ALA,30GLU,31LYS,33VAL,34ALA,35GLU,36LYS,41LYS,42GLU,45GLU,49SER,51ALA,52THR,53ALA,54ALA,56THR,59THR,60THR,61ASP,62ASN,63GLY,65GLY,67GLU,68GLU,70SER,72ASP,Averages
R1,0.15284663960593114,0.1031293815482921,0.0009050935434238294,0.0,0.0,0.0,0.9601903146385917,1.4663049526873593,0.18698857251597656,1.1483704786853033,0.8244583719209637,0.8687826941838361,0.3691366095638837,2.0689851423739576,1.6830927366716368,0.0,0.17273962113552255,1.3731329538514685,1.9935655328005302,1.1145781394426701,2.3063436286629804,1.7732768657684668,4.513014966641835,1.8170829355773628,1.86292464363066,2.146680910074847,0.9019383192731887,1.813472994669302,0.1555118802146127,1.117101165351086,0.0,1.5883431174189009,0.20048004867740787,0.0,0.0,1.4744371732560908,1.5528858302157884,0.3614532187487378,1.0293637798244473,4.52706370656499,1.336702050895644
R2,0.0,0.0,0.0,0.0,0.0,0.0,0.0,0.0,0.0,0.0,0.0,0.0,0.0,0.0,0.0,0.0,0.0,0.0,0.0,0.0,0.0,0.0,0.0,0.0,0.0,0.0,0.0,0.0,0.0,0.0,0.0,0.0,0.0,0.0,0.0,0.0,0.0,0.0,0.0,0.0,0.0
hetNOE,25.789276909554307,22.997408807964135,7.607667697897094,10.882589925401508,11.849142858729145,9.362890638810946,7.227861434228879,6.645169819604272,6.671523239994431,5.694752375199536,7.372806628030691,2.5524359176943396,2.5651407765006464,2.7631670685421414,2.501494913713755,5.862630800942915,12.863523197176946,3.0612285182110597,2.038332904207468,8.03014944327376,1.025381620246797,4.657329783927245,2.336186122018183,6.3312740991408365,2.4332978773912814,3.6610773163602364,7.810108501348589,8.03355066179716,9.91057374820628,11.122993002984956,6.599963881550483,11.272524150554444,11.099808102627424,14.656630756455652,12.117860026400054,11.551668458594616,11.958371049764267,11.381564597386493,19.524392223072468,18.765174571342026,10.29374977320379
