,5GLN,6ALA,9VAL,10LYS,11VAL,12ASP,13GLY,14SER,15GLU,17LYS,19SER,24LYS,25ARG,28LYS,29ALA,30GLU,31LYS,33VAL,34ALA,35GLU,36LYS,41LYS,42GLU,45GLU,49SER,51ALA,52THR,53ALA,54ALA,56THR,59THR,60THR,61ASP,62ASN,63GLY,65GLY,67GLU,68GLU,70SER,72ASP,Averages
R1,1.7934831910574727,1.6899402336163836,0.9633172597539483,1.5835546602670498,1.796569553756218,2.7063458783372374,4.484446986762616,4.244083943681107,2.4894303224970153,2.680932561845597,4.344249611499292,3.604272055738736,3.3916558748069345,5.193851350740909,4.429837132078571,1.9312593562762541,0.0,2.0849115964958123,1.9021709080490448,0.8578497772153899,3.3139302205726766,1.1001997871439615,4.700889839888939,1.6441440270423526,0.9596555373732851,1.835951073722999,0.4272215527305978,2.3671133953684844,1.1469806722691165,2.8212987649293866,0.0,2.651101409154167,1.1718807028892049,1.6754546844242895,1.2029856298993606,0.0,0.0,0.0,0.0,1.6720442130949955,2.328806958831263
R2,0.0,0.0,0.0,0.0,0.0,0.0,0.0,0.0,0.0,0.0,0.0,0.0,0.0,0.0,0.0,0.0,0.0,0.0,0.0,0.0,0.0,0.0,0.0,0.36543152281936964,0.20082950496256768,0.0,0.0,0.0,0.0,0.0,0.0,0.0,0.1386808817556242,0.0,0.0,0.019393768487805163,0.19360850412209007,0.40289686282635717,0.0,0.0,0.0
hetNOE,18.000829602026837,15.24948178903022,2.4850679274532275,5.331791155919141,4.871066428864669,2.3972474832002373,0.0,0.4744801203194491,1.0802595052725286,1.719741552563888,1.8344396257352598,1.0763828327836045,2.376888077568421,2.74937652928377,2.030384842978638,4.198790458578979,11.814457838765625,2.389012177994924,2.0358521952978545,8.400390067804356,1.2641124106930959,5.710983213689838,2.6393946450005243,7.490671335484722,4.434454766644141,4.392684908583078,8.174195459227812,7.414706937048157,8.703228426175054,9.369468090262377,8.028904531479377,11.839512791658782,10.94765601787161,14.230020677033473,11.149763513079588,11.051076820152558,12.27219081005603,12.23023367145232,16.808721426420792,12.888622301656047,8.234675814256788
