,3ALA,4MET,5THR,7VAL,8ARG,12THR,14ASP,16LEU,17ASN,18LEU,19ARG,20GLY,22LEU,23ASP,24GLY,26ARG,27TRP,28ARG,29ARG,30ALA,31GLU,33ALA,34GLN,35SER,36ARG,37ARG,39GLY,40ARG,41SER,42ARG,44GLY,45GLY,46ALA,48LEU,49ARG,50TYR,52ARG,53THR,54GLY,55VAL,56GLY,57MET,58SER,59ARG,60THR,61GLY,63GLY,64SER,65ARG,67VAL,Averages
R1,0.0,0.4560695865212643,0.322853282161919,0.137727430907999,0.5960517866014847,0.8051389040833552,0.4381171222133635,1.3754236953929024,1.290862200246687,1.5813123518807184,1.216800024990019,0.8483031525353233,0.6971557120247449,1.3402398003629905,1.4698704036864916,2.183362761375645,1.6150829944834015,1.6890900489641023,2.1219362900384224,1.2285628180985033,0.31375139896732107,1.2838553176721827,0.7907585383271529,1.2128346976666435,1.2771304946654731,0.9830378035518816,0.6389361678685679,1.1836364110856419,0.0,0.06332832327652693,0.5304843656671878,0.1919130896013832,0.9649160963941033,0.31138103360470093,0.795285003305537,0.9508114141120625,1.0447537062643448,0.9752429999671295,1.1625035752628285,0.6117016481589561,0.10399359431270105,0.059271759021314985,0.14830745221265906,1.7431353045548867,0.23397253501955273,0.5717156993808281,0.5173803753263593,0.4768325961033071,0.0,1.2586117116558424,0.9089054228843452
R2,0.0,0.0,0.0,0.0,0.0,0.0,0.0,0.0,0.0,0.0,0.0,0.0,0.0,0.24663920062387112,0.0,0.0,0.0,0.0,0.0,0.0,0.0,0.0,0.0,0.0,0.0,0.0,0.0,0.0,0.0,0.0,0.0,0.0,0.0,0.0,0.0,0.0,0.0,0.0,0.0,0.0,0.0,0.0,0.0,0.0,0.0,0.0,0.0,0.0,0.0,0.0,0.0
hetNOE,6.051358031279125,6.246448762338931,2.6209870009959086,1.310987772398967,0.3032864005439173,0.0,0.0,0.49363866655344735,1.080707779388641,0.5410469828194744,0.7502169237110743,0.0,0.0,0.0,0.4013833116204515,0.391491213911245,0.0,0.0,0.0,0.0,0.0,0.46266346218802656,0.0,0.11650118222757433,0.6263619027796894,0.19721615676538984,1.1600614157839595,0.4259298682864563,1.6887798535833989,1.024098620653552,1.2989619411512683,0.7241979923656225,0.0,0.0,0.0,0.0,0.0,0.0,0.0,0.0,0.0,0.0,0.0,0.0,0.0,0.5210262891390669,0.0,0.0,0.0,5.524140042679294,1.1265041509802072
