,5GLN,6ALA,9VAL,10LYS,11VAL,12ASP,13GLY,14SER,15GLU,17LYS,19SER,24LYS,25ARG,28LYS,29ALA,30GLU,31LYS,33VAL,34ALA,35GLU,36LYS,41LYS,42GLU,45GLU,49SER,51ALA,52THR,53ALA,54ALA,56THR,59THR,60THR,61ASP,62ASN,63GLY,65GLY,67GLU,68GLU,70SER,72ASP,Averages
R1,2.4895879872350446,1.8889576807084718,0.7093973468245902,2.1554944631674324,2.0316494360113473,2.395612374598836,3.2792851897728115,4.080655101812572,2.129271667381475,2.4970217275778204,3.0796993677548645,2.8746403159884832,2.2970629549540345,5.174600916100697,4.335172415106181,1.2412365659901456,0.0,2.49189427006005,0.24201948388879857,0.0,0.6540713039872603,0.47363731464807723,3.4595751384212425,1.923651394139394,0.8638585320913867,1.6536218757618175,0.023154791276803532,1.3376434289159191,0.8636786076094511,0.9550504647267968,0.0,1.922915159336164,0.9473187264089975,1.8387275371585994,1.0938289146148161,0.0,0.0,0.0,0.0,3.3197697800009607,1.9612880909095667
R2,0.0,0.0,0.0,0.0,0.0,0.0,0.0,0.0,0.0,0.0,0.0,0.0,0.0,0.0,0.0,0.0,0.0,0.0,0.0,0.0,0.0,0.0,0.0,0.005713534547895582,0.0,0.0,0.0,0.0,0.0,0.0,0.0,0.0,0.0,0.0,0.0,0.0,0.0,0.0,0.0,0.0,0.0
hetNOE,12.465850299887782,11.954159290618058,0.7813682413521197,3.484532657969945,3.6213953981928944,3.05060433731719,1.783512274239436,0.0,2.0105231003270343,1.2310997846231317,3.4687200121077106,1.2809256246990852,1.4057667090838688,0.637089580015715,0.5655990905050556,3.753603359906527,11.582323431775064,2.572646914011396,3.7974136310282587,10.006034062352532,3.8126651488499386,7.574941605136878,4.142805344785082,7.250088853575704,4.411478663397135,4.407385198127916,8.155077918785492,8.610168937524644,9.042814988754973,11.096952145216257,5.892361242175751,9.963897599531544,8.915771024406563,11.35384266753615,8.443058648246268,6.48446975997816,9.160632209396345,10.135121205824198,17.74960500502006,17.19918190082305,7.593062471878346
