,5GLN,6ALA,9VAL,10LYS,11VAL,12ASP,13GLY,14SER,15GLU,17LYS,19SER,24LYS,25ARG,28LYS,29ALA,30GLU,31LYS,33VAL,34ALA,35GLU,36LYS,41LYS,42GLU,45GLU,49SER,51ALA,52THR,53ALA,54ALA,56THR,59THR,60THR,61ASP,62ASN,63GLY,65GLY,67GLU,68GLU,70SER,72ASP,Averages
R1,2.951905935392587,2.2553087467480597,0.9102911632675055,1.4163418537940031,0.48353278463169147,1.9194288457847812,2.447775677925465,2.029678169127508,0.4850471959893887,0.5725135878746466,1.2796021690612949,1.0620056865530962,0.0,3.016920142068267,3.352900526994035,0.8153525866495275,0.0,1.9075083904367909,1.6040628994619341,0.029414685893212722,1.6463338375660483,0.0,3.10393370793284,2.8770520733342457,1.2609686563247209,2.3795387464352724,1.6004578962077431,3.13038717227605,1.8409708008699095,2.3850511567893364,0.6976174938053898,1.0363619047275128,0.0,0.0,0.041833656236347494,2.2074081844926945,1.7846534210856575,2.173399594880561,1.7918980657189478,4.755563002427524,1.7997193764965642
R2,0.0,0.0,0.0,0.0,0.0,0.0,0.0,0.0,0.0,0.0,0.0,0.0,0.0,0.0,0.0,0.0,0.0,0.0,0.0,0.0,0.0,0.0,0.0,0.0,0.0,0.0,0.0,0.0,0.0,0.0,0.0,0.0,0.0,0.0,0.0,0.0,0.0,0.0,0.0,0.0,0.0
hetNOE,14.26699972841666,13.4435690827757,1.6577839935389118,5.482460950625063,7.558860991985142,5.458615662181369,4.463095692593256,4.456324932623707,5.315254844138864,5.009525023283062,6.85302831781539,2.3790811434623547,2.796005177778053,1.6580174689390512,1.3099730881018967,4.698299796481687,11.540768170383773,2.4287055514531355,2.7131583986058323,9.52718417095685,3.057288147670315,7.636314179371373,4.40075136326422,7.523532181666226,2.4943342486470472,2.3535605528035273,5.29392019135357,5.541704240525911,7.051723816648895,9.196581899280206,7.258054204523527,11.804998141129143,11.464617036804352,16.031320004720367,12.973216519268274,12.370172351503706,12.343810868455733,12.630354445579579,20.456546456414447,19.942408254003414,8.936450598169666
