,5GLN,6ALA,9VAL,10LYS,11VAL,12ASP,13GLY,14SER,15GLU,17LYS,19SER,24LYS,25ARG,28LYS,29ALA,30GLU,31LYS,33VAL,34ALA,35GLU,36LYS,41LYS,42GLU,45GLU,49SER,51ALA,52THR,53ALA,54ALA,56THR,59THR,60THR,61ASP,62ASN,63GLY,65GLY,67GLU,68GLU,70SER,72ASP,Averages
R1,3.5875234099428734,3.1195984116885827,1.7362927835401791,2.492794422645635,1.7190199021828203,2.8401322619705835,3.942644511300502,4.509249968736642,2.153736701655918,2.5014439164751865,2.7262967286887596,3.957762205791017,3.369929844421293,6.635149639774922,6.146572457986206,3.8440463436187944,1.6315034509983084,3.161233982015391,3.5751545451317446,3.140689962070512,3.437266412063276,2.719475676413548,5.387911548949789,0.48005321195056294,1.944670167404579,2.5123092285289945,1.5522854327849993,3.2997994210809916,2.672921912598379,3.1321322042385527,0.32255545236553695,3.947579310727595,2.865987315651831,2.4241515417006623,2.352547435503513,0.39418867590927165,0.0,0.11013662921039113,0.4377713642807599,0.2158370672762535,2.980653935806488
R2,0.0,0.0,0.0,0.0,0.0,0.0,0.0,0.0,0.0,0.0,0.0,0.0,0.0,0.0,0.0,0.0,0.0,0.0,0.0,0.0,0.0,0.0,0.0,0.0,0.0,0.0,0.0,0.0,0.0,0.0,0.0,0.0,0.0,0.0,0.0,0.0,0.0,0.0,0.0,0.0,0.0
hetNOE,8.54812939727308,7.0988749818784065,1.0573611127980076,1.7292878698749043,2.8036775154343747,0.9134116782489385,0.0,0.0,0.3616218570048271,0.6990050491744557,2.381132781132957,0.8239367384535738,1.3143395270466662,3.9515388483205243,3.812045197202905,1.3574478993674202,4.4590572051082695,1.0318561752103372,0.7757309908385088,3.3001556414898285,0.721642901348766,1.1608115596574033,0.0,3.365367040698544,0.282787796311462,0.23070223384321964,3.782819841311678,3.4031293066670347,4.18184005084255,5.500591888152325,0.4725632875185679,5.248448836177223,4.796925081620135,9.050910748592342,5.418582290810036,4.345231787210204,5.190485993709569,4.427490975930088,10.230123471265264,7.158751622270449,3.9217426149543853
