,5GLN,6ALA,9VAL,10LYS,11VAL,12ASP,13GLY,14SER,15GLU,17LYS,19SER,24LYS,25ARG,28LYS,29ALA,30GLU,31LYS,33VAL,34ALA,35GLU,36LYS,41LYS,42GLU,45GLU,49SER,51ALA,52THR,53ALA,54ALA,56THR,59THR,60THR,61ASP,62ASN,63GLY,65GLY,67GLU,68GLU,70SER,72ASP,Averages
R1,1.9575404648023662,1.3051015909443673,1.1051212293335584,1.8509713645047001,2.0495581690415925,2.6809294396099665,4.047262962857813,4.16781715854326,2.374625678799014,3.1110830073831783,2.9310437281972392,3.600992985060854,5.024081966897349,4.971886752044402,4.7899207922510945,2.5681166901046937,1.0281701141861825,3.2417546293216963,3.0352688224467093,1.8668915565640503,2.984460913962678,2.101427714649585,5.065764741714238,1.5958341709909432,1.5716106398651606,2.252726575600505,0.5281671532164174,2.069244762273413,1.3938611014987918,1.5496985522545472,0.0,3.3944109369566915,2.322802771116251,2.910360004233842,2.299394049216706,0.0,0.0,0.0,0.1726197142035526,0.468006746074229,2.5462873489896354
R2,0.0,0.0,0.0,0.0,0.0,0.0,0.0,0.0,0.0,0.0,0.0,0.09212766243443005,0.0,0.0,0.0,0.0,0.0,0.0,0.0,0.0,0.0,0.0,0.0,0.0,0.0,0.0,0.0,0.3801943468355249,0.15390397317842708,0.12097589854957547,0.0,0.0,0.0,0.0,0.0,0.0,0.0,0.009093357900209043,0.0,0.0,0.0
hetNOE,14.006853187997349,13.41942743651569,0.5521060944338765,2.99888000581608,3.588758080446616,1.8175734379941328,0.19258909930719903,0.7326455371265836,1.2689896900388833,1.5639276242406916,5.598898188646316,0.7730856657727136,0.0,0.0,0.0,1.6673690023065415,8.614776854833579,0.22872841359577034,0.0,6.100978861165099,0.0,3.6593465819651447,1.4586795971979591,6.9163203046438735,3.75273283200183,4.665322219646702,8.851117788543679,9.206723573814473,10.452373682726407,11.773313331046774,6.320267378309717,9.393087199328603,7.767298238482418,10.933344546105907,8.513638273143878,7.521418372568727,8.26269749946384,8.471201311221172,14.609010510162173,8.379411018015258,6.726241048784216
