,3ALA,4MET,5THR,7VAL,8ARG,12THR,14ASP,16LEU,17ASN,18LEU,19ARG,20GLY,22LEU,23ASP,24GLY,26ARG,27TRP,28ARG,29ARG,30ALA,31GLU,33ALA,34GLN,35SER,36ARG,37ARG,39GLY,40ARG,41SER,42ARG,44GLY,45GLY,46ALA,48LEU,49ARG,50TYR,52ARG,53THR,54GLY,55VAL,56GLY,57MET,58SER,59ARG,60THR,61GLY,63GLY,64SER,65ARG,67VAL,Averages
R1,0.0,0.5482067033487639,0.3375705985020174,0.0,0.7003002321504572,1.0926473876848983,0.6765944661977106,1.264769988969305,1.3204486168864848,1.5727732284466294,1.2003894135226276,1.134691991337629,1.7167317118134227,1.3184703707188072,2.360276836915054,1.941229590588331,1.225247568144932,1.502585730735972,0.6552608022553144,0.14197015659471712,0.19185087743376195,0.4034163166254079,0.7370791129247012,1.0808490056063618,1.7779556710960982,0.7921188312677603,0.7170117854322122,1.9222718880176184,0.9442639798324859,0.4772362810553854,0.20775999169666282,0.9116118653522549,0.596034300862401,0.5617823166557392,1.0473148385583269,1.5836583032875322,1.6986715487988158,1.6971092061379451,1.8167238243889607,1.2732464866109199,1.0203595075216447,1.5043179793344597,0.6016746516284979,1.6224550331212897,0.5600834483832364,1.06406758785882,0.5650920016301799,0.0071704229772735495,0.0,0.62001260961862,1.0486465937022866
R2,0.0,0.0,0.0,0.0,0.0,0.0,0.0,0.0,0.0,0.0,0.0,0.0,0.0,0.0,0.0,0.0,0.0,0.0,0.0,0.0,0.0,0.0,0.0,0.0,0.0,0.0,0.0,0.0,0.0,0.0,0.0,0.0,0.0,0.0,0.0,0.0,0.0,0.0,0.0,0.0,0.0,0.0,0.0,0.0,0.0,0.0,0.0,0.0,0.0,0.0,0.0
hetNOE,5.861337977576789,5.426906775678201,2.6703390393708033,1.2772278096196286,1.000400818071677,0.6530700079486997,0.0,0.8693808698785963,1.2238705201045885,1.0483795932262407,1.2812935573798563,0.7831022597739377,2.190276794719358,1.6791361090851686,2.849161163279547,2.2185983653107066,0.5779355421524259,0.8628694254130329,0.14530914151096774,0.0,0.0,0.0,0.05274136015148123,0.3849273921312737,0.7948339121713508,0.12283625605064707,0.30109654187097346,0.22992450308792467,0.49038045844356803,0.6155209215839454,0.11394056721980106,0.819352764343517,0.8013239981135301,1.2508181516806216,0.5786253290079015,1.5058657229638648,1.5658866108478127,1.7351636355730244,2.132056339384906,1.978723022583503,2.253407478013677,1.365864876447469,0.9152992543117326,0.7568637699181395,0.7339374572244077,2.316117300593625,1.6585382384944798,0.3275613183862236,0.0,3.2325306927182167,1.5323103598399466
