,3ALA,4MET,5THR,7VAL,8ARG,12THR,14ASP,16LEU,17ASN,18LEU,19ARG,20GLY,22LEU,23ASP,24GLY,26ARG,27TRP,28ARG,29ARG,30ALA,31GLU,33ALA,34GLN,35SER,36ARG,37ARG,39GLY,40ARG,41SER,42ARG,44GLY,45GLY,46ALA,48LEU,49ARG,50TYR,52ARG,53THR,54GLY,55VAL,56GLY,57MET,58SER,59ARG,60THR,61GLY,63GLY,64SER,65ARG,67VAL,Averages
R1,0.4545003684146316,0.0,0.0,0.0,0.9658762924915913,1.7806850195827613,1.3685409813449971,1.4446954276984907,1.4555499320306935,0.8834407638794761,0.9314011864132274,0.5567888628384616,0.62126564484611,0.5081263596923127,0.4786290254663308,0.8217529018099612,0.9855902961184213,1.8301994509969695,0.5376074617326461,1.2300978900345672,0.4103784197457381,0.3525302950365272,0.48716166469926225,0.6824283496928587,1.4356494073580857,1.1864006612013425,1.1716844445290788,1.9465194958490244,0.0,0.07438678829749779,0.0,1.205507877737435,0.41553181719186805,0.5558168692945205,1.3713741050412476,1.8114473057439353,1.6496191048322473,1.7809260492287429,1.486037972039766,1.408672821592745,0.650004405484309,1.369151612683798,0.3959224449321628,1.1851307455304627,0.8851938540803952,0.7369031304092473,0.0,0.510240235890365,0.0,0.7867790739388711,0.9194106051205517
R2,0.0,0.0,0.0,0.0,0.0,0.0,0.0,0.0,0.0,0.431369312169801,0.0,0.0,0.0,0.0,0.0,0.0,0.0,0.0,0.0,0.0,0.0,0.0,0.0,0.0,0.0,0.17144311750302998,0.0,0.0,0.0,0.0836468005870572,0.0,0.0,0.0,0.0,0.0,0.0,0.0,0.0,0.0,0.0,0.0,0.0,0.0,0.0,0.0,0.0,0.0,0.0,0.0,0.0,0.0
hetNOE,1.477469596442794,0.0,1.5780340910053368,0.9849304575530098,0.0,0.0,0.0,0.0,0.0,0.6415236778971158,0.0,0.0,0.0,0.0,0.0,0.0,0.0,0.0,0.0,0.0,0.0,0.2678956465647442,0.0,0.6014448255288254,0.18496335798718655,0.049357251118704815,0.0,0.0,0.7849946025750834,0.0,0.5431708753344575,0.0,0.0,0.37544659487723586,0.2654994570147664,0.0,0.0,0.0,0.0,0.44967161158477786,0.0,0.0,0.0,0.0,0.0,0.0,0.0,0.0,0.0,4.033040977310836,0.2312928985983833
