,3ALA,4MET,5THR,7VAL,8ARG,12THR,14ASP,16LEU,17ASN,18LEU,19ARG,20GLY,22LEU,23ASP,24GLY,26ARG,27TRP,28ARG,29ARG,30ALA,31GLU,33ALA,34GLN,35SER,36ARG,37ARG,39GLY,40ARG,41SER,42ARG,44GLY,45GLY,46ALA,48LEU,49ARG,50TYR,52ARG,53THR,54GLY,55VAL,56GLY,57MET,58SER,59ARG,60THR,61GLY,63GLY,64SER,65ARG,67VAL,Averages
R1,0.0,0.9475087027160474,0.7114113393271624,0.0,1.1910185268633642,0.3958430746895796,0.0,0.006385150511767135,0.0,0.49047346369312184,0.6322119768193311,0.6580811076619055,1.0857001463330658,1.2806602913007414,1.306793965748735,1.154641633173144,1.4882866586233585,1.6631604624748602,0.304974247880877,0.08240641135787863,0.0,0.0,0.0,0.0,1.0282611605916578,0.7174959232270268,1.2668768178661125,3.6991127182570613,1.3744455330796894,1.3746074619105522,1.530862091648562,2.7047637565059937,2.313193315044696,1.6685671130552908,1.8254848588164654,2.1803827689653903,1.97882371007687,2.2537063988235095,2.7992236066350875,2.536187613617122,2.3937666848823627,2.5829602555388425,1.815261795611093,2.7359187065693695,1.8478515357698768,1.9577749811988512,1.8334004692763775,2.4509651444759792,0.9884786756035222,0.0,1.4369533766775335
R2,0.0,0.0,0.0,0.0,0.0,0.0,0.0,0.0,0.0,0.0,0.0,0.0,0.0,0.0,0.0,0.0,0.0,0.0,0.0,0.0,0.0,0.0,0.0,0.0,0.0,0.0,0.0,0.0,0.0,0.0,0.0,0.0,0.0,0.0,0.0,0.0,0.0,0.0,0.0,0.0,0.0,0.0,0.0,0.0,0.0,0.0,0.0,0.0,0.0,0.0,0.0
hetNOE,7.768347401930669,9.197721814570732,5.441457486843063,3.4212763808375977,3.212863524276165,0.0,0.18720484626391065,0.0,0.0,0.0,0.212439802673837,0.022702247433306955,1.3698451243306455,1.6569653992477895,1.7634439207982688,1.7678662298643246,1.9684700087759688,1.4300739316348716,0.5142516317463466,0.34347872407853397,0.009699967520415465,0.0,0.0,0.0,0.49956219097721943,1.5374691731653058,1.9428146660450154,4.19140437236911,2.980726823227712,3.35866770707387,3.5558179008979147,5.85710569173923,3.634387006713947,5.298965906286533,3.329938682302811,4.466520882178945,3.685049509734818,4.068930862083257,5.008941200886386,5.343396687014257,5.903536442232922,4.093833126841522,4.761386107496451,4.783381817366534,5.0485526757093915,5.346353583408245,6.459917418005358,6.90736976086428,5.537755189213829,3.1060740218690794,3.6674898257549957
