,5GLN,6ALA,9VAL,10LYS,11VAL,12ASP,13GLY,14SER,15GLU,17LYS,19SER,24LYS,25ARG,28LYS,29ALA,30GLU,31LYS,33VAL,34ALA,35GLU,36LYS,41LYS,42GLU,45GLU,49SER,51ALA,52THR,53ALA,54ALA,56THR,59THR,60THR,61ASP,62ASN,63GLY,65GLY,67GLU,68GLU,70SER,72ASP,Averages
R1,3.669732792586016,2.931095558972866,1.6237122136403306,2.4576472864982324,1.6381594898671277,3.0975132379583776,4.014744670353413,4.1345759294546545,1.6841151537450125,2.29105379365551,3.1946755743213116,3.406391181122438,3.462004257130359,4.486534547961292,4.546938480733569,2.4636595909910812,0.4712981145611359,2.2429137939784476,3.217431890855715,2.513952700575882,3.912279284467802,2.5293601455020474,5.352679664693411,0.6015734663968872,1.607590721826769,3.169156119739645,1.7549493724458958,3.300389628441378,3.165171795115019,3.1846272084571865,0.1297328701009277,3.662524938983439,2.1700462490382844,2.2123924941748587,1.6460293190423991,0.4227317806184161,0.0,0.0,0.0,2.235793759964958,2.7123838017036794
R2,0.0,0.0,0.0,0.0,0.0,0.0,0.0,0.0,0.0,0.0,0.0,0.0,0.0,0.0,0.0,0.0,0.0,0.0,0.0,0.0,0.0,0.0,0.0,0.0,0.0,0.0,0.0,0.0,0.0,0.0,0.0,0.0,0.0,0.0,0.0,0.0,0.0,0.0,0.0,0.0,0.0
hetNOE,7.524826983730275,8.173359712059527,0.8087524981963747,1.7293943830841636,2.8901616589080676,0.7125599814723913,0.0,0.0,1.723598999523014,0.9715795844789086,2.57396359530054,0.0,0.0,0.0,0.0,1.114294736202849,8.129203531089404,0.0,0.08735974773840538,4.031155994859226,1.6143780531020804,1.113477408547995,0.0,3.565020127510306,0.9000505957384439,0.25476457149781306,3.7253315958914888,2.9775732026249244,3.838510653833188,5.9249903720050865,1.4576412527064937,6.525194326888954,6.213111152739853,10.427887348061603,7.339055341805848,5.754063459975462,7.0722919040764225,7.115371481553547,15.507625781722368,14.683925522487502,5.089140900250434
