,5GLN,6ALA,9VAL,10LYS,11VAL,12ASP,13GLY,14SER,15GLU,17LYS,19SER,24LYS,25ARG,28LYS,29ALA,30GLU,31LYS,33VAL,34ALA,35GLU,36LYS,41LYS,42GLU,45GLU,49SER,51ALA,52THR,53ALA,54ALA,56THR,59THR,60THR,61ASP,62ASN,63GLY,65GLY,67GLU,68GLU,70SER,72ASP,Averages
R1,2.690236295181181,2.1381764499482467,0.42186275889735825,1.0685637847136382,1.3467116945689952,2.102541625275485,3.133898379438958,2.833149646204654,0.997755289722214,1.6067703027128144,1.8470554575138523,2.294979842505853,2.626921957688667,4.561138138416857,2.7223175390473755,1.3007098298626127,0.0,1.6286709350091724,2.437387916779777,1.1050975435719903,2.2262949370311307,1.6814247696394315,3.9223377514981284,1.500336344593458,1.4973867657709459,1.774903466197947,1.2130014019967885,1.9851616228667104,1.0299243043912125,1.345164014788717,0.0,2.303198258147708,2.0284806430548468,2.204643175086302,1.2417969148010903,0.30128280343631375,1.094181884137463,0.0,0.0,3.100030842173715,1.9041301886087263
R2,0.0,0.0,0.0,0.0,0.0,0.0,0.0,0.0,0.0,0.0,0.0,0.0,0.0,0.0,0.0,0.0,0.0,0.0,0.0,0.0,0.0,0.0,0.0,0.0,0.0,0.0,0.0,0.0,0.0,0.0,0.0,0.0,0.0,0.0,0.0,0.0,0.0,0.0,0.0,0.0,0.0
hetNOE,11.653420165623132,11.686083943424574,1.9843304296864996,6.03466283960101,6.797358125794356,5.654997183110331,4.164450485528502,4.09657952886153,6.011070035001228,5.577718495193966,7.358611097794876,2.884344977438504,2.7352500146783645,2.0234175338568656,2.900165651737877,5.960664042487026,13.330467821519463,2.57161124027389,2.125308240768485,8.075348204447131,1.765693566899146,4.8178862383128545,2.5385833548800627,5.95963010277759,3.0673469283217383,3.1140208859859273,7.04005568814334,7.432612497632501,8.707463916957938,10.440667537160616,4.915821240661956,9.542648979842646,7.716972429881945,11.3417337049084,7.994843416746717,9.512253035230502,11.49583318978616,10.904638206039477,19.327512203074384,18.438092603194786,8.032064379999493
