,5GLN,6ALA,9VAL,10LYS,11VAL,12ASP,13GLY,14SER,15GLU,17LYS,19SER,24LYS,25ARG,28LYS,29ALA,30GLU,31LYS,33VAL,34ALA,35GLU,36LYS,41LYS,42GLU,45GLU,49SER,51ALA,52THR,53ALA,54ALA,56THR,59THR,60THR,61ASP,62ASN,63GLY,65GLY,67GLU,68GLU,70SER,72ASP,Averages
R1,3.3820248177956573,3.1897525249653595,0.8253628018225401,1.6578703427802037,1.0346674944695913,2.177791403962775,2.689601624949104,2.5907092993614746,0.4951458426180817,1.729674017599351,1.455501808183596,0.0,0.0,1.316775998602092,1.3074962446904683,0.0,0.5488975888049972,0.8850197829869519,1.0121257908050527,0.0,1.006028589217948,0.773247988992789,2.6058311625678177,2.7865854254857423,2.166242374596335,2.514103869973699,0.9245524593680823,1.913141412334102,0.5417447433964275,0.26858883703667713,0.8587475855932123,0.9635456435538152,0.448384630566546,0.06849798570444077,0.0020901500479320045,0.6491791833815193,0.9338931777736972,0.8914428503612568,0.5267069382352512,3.6383890080671506,1.4723624158946849
R2,0.0,0.0,0.0,0.0,0.0,0.0,0.0,0.0,0.0,0.0,0.0,0.0,0.0,0.0,0.0,0.0,0.0,0.0,0.0,0.0,0.0,0.0,0.0,0.0,0.0,0.0,0.0,0.0,0.0,0.0,0.0,0.0,0.0,0.0,0.0,0.0,0.0,0.0,0.0,0.0,0.0
hetNOE,11.999778087526401,10.691695046929413,0.9700840003994018,4.933961010772569,6.920375921257661,4.608174702803177,3.56450046959909,3.100434065788604,4.597556376186061,3.476053355218075,5.704237562757063,2.869562980520623,2.2061125865196973,2.5533888754741203,2.314054257797353,6.3564147774432875,12.734887415950283,3.7829463881164553,3.1231161906810954,9.136824827006373,2.5175450144938827,5.585427547900029,4.097293086028506,6.9730262468632525,1.362777852315141,2.399753366677015,6.760183812525937,7.123082889089378,8.512626843191866,11.752813128736982,8.251210793893998,11.41619338382427,9.67103730806806,13.700902044780184,10.36426132119347,10.184016157559231,10.447263003479987,11.028260602296545,18.48376485045656,17.382480451360337,8.173555986382196
