,3ALA,4MET,5THR,7VAL,8ARG,12THR,14ASP,16LEU,17ASN,18LEU,19ARG,20GLY,22LEU,23ASP,24GLY,26ARG,27TRP,28ARG,29ARG,30ALA,31GLU,33ALA,34GLN,35SER,36ARG,37ARG,39GLY,40ARG,41SER,42ARG,44GLY,45GLY,46ALA,48LEU,49ARG,50TYR,52ARG,53THR,54GLY,55VAL,56GLY,57MET,58SER,59ARG,60THR,61GLY,63GLY,64SER,65ARG,67VAL,Averages
R1,0.0,0.9223748458904535,0.3456050503585486,0.0,0.8049850470410018,0.873322860476861,0.9604256032411722,0.0,0.6812169136289024,0.396201296604032,1.1865825243126156,0.7197735870611848,0.6376606566429093,0.8007179495336751,0.8676854263690652,0.6960822818043737,0.7981387724801858,0.9917281118346317,0.0,0.14312306135077657,0.0,0.19772432035153908,0.8354054281947241,1.4015667706917951,2.1137321677300696,1.7471717374502802,1.9054970930248794,3.8682088467810285,2.4624749815962605,2.159201217226218,2.3081228542702665,3.651674474546483,2.8411538996754313,1.8705398649652998,1.9314594763029507,2.2197262254327423,2.3543600282095243,2.722797290279497,2.959982022035391,2.792679231356967,2.36759799872061,2.914889921213353,1.847582314489567,3.180178904314686,2.2245458399676568,2.5401746995608163,2.1761292455122123,2.6359724853948783,1.3545895787850668,0.0,1.7126456519682178
R2,0.0,0.0,0.0,0.0,0.0,0.0,0.0,0.0,0.0,0.0,0.0,0.0,0.0,0.0,0.0,0.0,0.0,0.0,0.0,0.0,0.0,0.0,0.0,0.0,0.0,0.0,0.0,0.0,0.0,0.0,0.0,0.0,0.0,0.03152311571564437,0.0,0.0,0.0,0.0,0.0,0.0,0.0,0.0,0.0,0.0,0.0,0.0,0.0,0.0,0.0,0.0,0.0
hetNOE,7.006009478852313,7.655691210326541,3.4129754583767964,1.570318758126469,2.1359422813992985,1.8252993600624001,1.4530463724604101,0.0,0.21017123130954518,0.1191320330637915,1.4179932676921068,0.48157391213261325,1.4374102331777805,1.4067097063989875,1.2629615468760371,0.9714877685262804,1.003842751456343,1.1194564122082848,0.7024708194372367,0.9923769532776614,1.789231504328511,1.485665038579433,2.0563718574085286,3.43789391702607,3.2092930656932444,4.09389911424815,3.6225370185372876,5.507520732514031,6.961723831883447,6.314999810125831,6.383046750475089,11.139633857933152,5.7637580965282895,6.483303265967325,3.7516921700345485,4.723661986752636,4.772081733768296,5.0777054681394365,6.145610709703784,7.217595849970129,6.530693194664646,5.5546009288102125,5.167810195179957,5.506178658772146,6.315403554344485,7.43855333808051,8.175136419950002,8.108994049714171,7.1106078674511135,1.8733431440244406,4.652579597676681
