,5GLN,6ALA,9VAL,10LYS,11VAL,12ASP,13GLY,14SER,15GLU,17LYS,19SER,24LYS,25ARG,28LYS,29ALA,30GLU,31LYS,33VAL,34ALA,35GLU,36LYS,41LYS,42GLU,45GLU,49SER,51ALA,52THR,53ALA,54ALA,56THR,59THR,60THR,61ASP,62ASN,63GLY,65GLY,67GLU,68GLU,70SER,72ASP,Averages
R1,1.6885420734818122,1.016444471556187,0.10633973667393604,1.5816027965845887,0.591275668869526,2.5878365914300936,4.1806508222294685,4.179453887781695,1.799885019556012,2.5401613124598468,4.351443889469559,2.5525966391686508,2.470867827862868,5.848936504248188,6.037921747859899,3.0446352770011273,0.6250746143361405,3.135872225705059,3.594076273583375,3.0545792946634682,3.66994309125801,2.385551692821292,5.875949112627469,0.20264583308759376,2.0490887160273843,3.3111798110566966,2.2014253847603458,3.7514943056114767,3.380603457363879,3.68381320559904,0.0,3.2781003594978024,2.8323480878145015,2.8273786591476253,2.515656202696115,0.3825078200039038,0.0,0.18586837711057602,0.0,3.018956648573945,2.859148397902142
R2,0.0,0.0,0.0,0.0,0.0,0.0,0.0,0.0,0.0,0.0,0.0,0.0,0.0,0.0,0.0,0.0,0.0,0.0,0.0,0.0,0.0,0.0,0.0,0.0,0.0,0.0,0.0,0.0,0.0,0.0,0.0,0.0,0.0,0.0,0.0,0.0,0.0,0.0,0.1373366448331712,0.0,0.0
hetNOE,16.893980821562177,16.475740531206835,2.577115246514502,5.8028060113601905,6.239568386870517,3.906558187814528,0.977131651471739,1.407636297942398,2.22416781030225,1.4979259505435492,1.0598816202092438,0.7616019394361384,0.60057897388082,0.46413652664005256,1.5921759080038043,0.0,7.16786410776583,0.0,0.270442011681554,3.161392540590927,1.3282784120556892,0.7699168875194919,0.0,1.6780188763547268,0.0,0.0,3.1586288497547503,1.9992651375929857,2.778743477618245,6.143859164119584,3.565697148094806,7.658728895867291,6.092696126483363,10.36609248152464,6.680600345957223,5.272176982828455,6.336918503094349,6.882738742047882,17.722854884945505,18.451711526022635,6.450486077627861
