,5GLN,6ALA,9VAL,10LYS,11VAL,12ASP,13GLY,14SER,15GLU,17LYS,19SER,24LYS,25ARG,28LYS,29ALA,30GLU,31LYS,33VAL,34ALA,35GLU,36LYS,41LYS,42GLU,45GLU,49SER,51ALA,52THR,53ALA,54ALA,56THR,59THR,60THR,61ASP,62ASN,63GLY,65GLY,67GLU,68GLU,70SER,72ASP,Averages
R1,3.385527076108141,2.993203262533333,2.0174654438540434,2.2158920692887047,2.111388106885069,2.922244363422921,3.978051974444975,4.104973892050275,2.2361643065559713,2.1898633970500017,3.381839483715809,3.709875914489822,2.9153635639229716,4.730984419906943,5.070283911687186,2.515813676279753,0.3782457409928637,3.096727001671498,2.3896735472235595,1.0436552578400144,1.8133785728888867,0.888507962596754,4.301778307775586,1.939804536195946,1.3971561137846562,1.4275882372908772,0.0,1.7611050091629243,0.6048256706932984,1.2667530421437085,0.0,2.7947876287970117,1.6045906638429526,2.560594662426241,2.4394165156857164,0.1721971974085903,0.2883223920049802,0.13328456495418095,0.6470403214312614,0.7697761941982175,2.3781911298517278
R2,0.0,0.0,0.0,0.0,0.0,0.0,0.0,0.0,0.0,0.0,0.0,0.0,0.0,0.0,0.0,0.0,0.0,0.0,0.0,0.0,0.0,0.0,0.0,0.0,0.0,0.0,0.0,0.0,0.0,0.0,0.0,0.0,0.0,0.0,0.0,0.0,0.0,0.0,0.0,0.0,0.0
hetNOE,8.22174142658001,7.503150103418134,0.0,2.1191957548458147,2.898770372293375,2.0380569961685664,0.7661121996935407,0.0,1.442404833720973,1.2719250691519277,2.4196653587620394,0.0,0.0,0.0,0.022869109851666902,1.31786277824835,8.575464729008553,0.0,0.43430437902027474,6.739694650914541,1.11407153981575,5.844131175404118,2.7101909601393968,6.772933728018924,3.5716073839983578,4.445726294412305,8.017713404163302,7.918472019080198,9.199217299517768,10.275064782704009,5.199432252077057,9.01502546264849,6.991955876394756,9.372791099106363,5.458733932669676,3.89916620170575,3.499399803619668,4.650442912780565,11.03009000769311,9.259136422943307,5.375074391845701
