,3ALA,4MET,5THR,7VAL,8ARG,12THR,14ASP,16LEU,17ASN,18LEU,19ARG,20GLY,22LEU,23ASP,24GLY,26ARG,27TRP,28ARG,29ARG,30ALA,31GLU,33ALA,34GLN,35SER,36ARG,37ARG,39GLY,40ARG,41SER,42ARG,44GLY,45GLY,46ALA,48LEU,49ARG,50TYR,52ARG,53THR,54GLY,55VAL,56GLY,57MET,58SER,59ARG,60THR,61GLY,63GLY,64SER,65ARG,67VAL,Averages
R1,0.0,0.0,0.3110630399776606,0.0,0.43765682936898176,0.40387401718786364,0.44893914478192687,1.0285641031561275,1.0149050641586381,1.0237807150776415,0.9976130182518179,1.1420704894521365,0.8844938296239444,0.3969402568249869,0.5083487818714159,0.5897658635876222,1.2601505194717548,0.9846197485596129,0.45911846744794205,0.028352942480030174,0.0,0.0,0.0,0.01927781156594155,1.1643209360311486,0.5544711156507067,0.47820837679264216,1.763046940742702,0.0,0.37418772787037957,0.13922545116839458,1.3874474118673632,0.17858538935257107,0.0,0.04842619963657513,0.09226159622979213,0.5380013633737026,0.7424768453852657,0.36485350517586457,0.3804718087273078,0.0,0.2775547899722042,0.0,0.34181714037883393,0.1788054624806945,0.0,0.0,0.08374527922491737,0.0,0.8409121473758148,0.45572255001573425
R2,0.0,0.0,0.0,0.0,0.0,0.0,0.0,0.0,0.0,0.0,0.0,0.0,0.0,0.0,0.0,0.0,0.0,0.0,0.0,0.0,0.0,0.0,0.0,0.0,0.0,0.0,0.0,0.0,0.0,0.0,0.0,0.0,0.0,0.0,0.0,0.0,0.0,0.0,0.0,0.0,0.0,0.0,0.0,0.0,0.0,0.0,0.0,0.0,0.0,0.0,0.0
hetNOE,5.0763042824366,4.874591148911487,3.4713285342327707,1.1177133983302143,1.902746567499904,0.1842318908706766,0.26217411320561856,1.574025963541473,1.3322239936656288,0.6471281060128622,1.4261453656845977,0.7975059768873447,1.2290314237304947,0.08899664997033785,0.3288946829317132,1.0393469814151102,1.2532293387747675,0.7586098664186456,0.5573396133236443,0.0,0.0,0.0,0.0,0.0,0.0,0.1163424014502481,0.0,0.6785274981287457,0.0,0.0,0.0,1.5548004121860521,0.0,0.0,0.0,0.0,0.0,0.0,0.0,0.0,0.0,0.0,0.0,0.0,0.0,0.0,0.0,0.0,0.0,3.8055346924492177,0.9818812109409869
