,3ALA,4MET,5THR,7VAL,8ARG,12THR,14ASP,16LEU,17ASN,18LEU,19ARG,20GLY,22LEU,23ASP,24GLY,26ARG,27TRP,28ARG,29ARG,30ALA,31GLU,33ALA,34GLN,35SER,36ARG,37ARG,39GLY,40ARG,41SER,42ARG,44GLY,45GLY,46ALA,48LEU,49ARG,50TYR,52ARG,53THR,54GLY,55VAL,56GLY,57MET,58SER,59ARG,60THR,61GLY,63GLY,64SER,65ARG,67VAL,Averages
R1,0.0,0.9120063949545969,0.5003892126729999,0.41543815472874446,1.5872408956272852,1.6533812587876868,0.9424959629076632,0.9806229766941439,1.470250317751097,0.6649746320627878,1.4548746957875172,0.256445072897008,1.254870294083628,0.9807905036244879,0.15968600175027947,1.063251350160305,0.7808523608569895,1.320139682722206,0.8955067436915849,0.3034711604336435,0.2580067271551243,0.0,0.0,0.0,0.0,0.6425944576962201,0.3292904546143094,1.5069845327919364,0.5550261391902707,0.5815911882435043,0.0820503449425769,1.5418824650775633,1.5067041139693922,1.044625380035968,1.5333315806969048,1.797552061496114,2.702564432371326,2.299134945886216,2.4412214414725235,2.0371610365888833,1.4334381246135912,2.006420976514945,1.3158600444704995,2.5576238209799866,1.5954821612974222,1.5570119097994697,1.2808505941723483,1.1674542857574126,0.34596307820675043,0.0,1.1463615178618034
R2,0.0,0.0,0.0,0.0,0.0,0.0,0.0,0.0,0.0,0.0,0.0,0.0,0.0,0.0,0.0,0.0,0.0,0.0,0.0,0.0,0.0,0.0,0.0,0.0,0.0,0.0,0.0,0.0,0.0,0.0,0.0,0.0,0.0,0.0,0.0,0.0,0.0,0.0,0.0,0.0,0.0,0.0,0.0,0.0,0.0,0.0,0.0,0.0,0.0,0.0,0.0
hetNOE,10.709893042185051,9.575695950024594,4.851132651202052,3.914770843848908,4.198902947081668,1.9331111994258912,1.015765452950753,1.5592062658374926,1.5518332843163076,0.072141723239463,1.5398340368255266,0.26264260850122767,1.3442359607981293,0.510568633588169,0.0,0.5950294296195981,0.49512487805714955,0.1724905863761792,0.1051522845508659,0.0,0.0,0.0,0.0,0.0,0.0,0.0,0.0,0.24120183523888095,0.0,0.1374497570334201,0.5400139391507939,2.6946075681731347,2.1320945592643956,2.9802397761386,1.5572929455627715,3.004837352045657,4.297983075845028,3.685104369551084,3.957509903012543,4.423752006636906,4.2725710380352675,3.8068626882723233,3.408905058562005,3.5980630239333706,3.7835877256443275,3.9742084394670236,4.655398312824212,4.108308446056046,2.998625631621757,0.0,2.9350896164722893
