,5GLN,6ALA,9VAL,10LYS,11VAL,12ASP,13GLY,14SER,15GLU,17LYS,19SER,24LYS,25ARG,28LYS,29ALA,30GLU,31LYS,33VAL,34ALA,35GLU,36LYS,41LYS,42GLU,45GLU,49SER,51ALA,52THR,53ALA,54ALA,56THR,59THR,60THR,61ASP,62ASN,63GLY,65GLY,67GLU,68GLU,70SER,72ASP,Averages
R1,2.962361304453947,2.384706849362108,1.6060731024318828,2.354794647923666,2.2506264481907152,2.4781895470489106,4.008154225486598,4.54745042137981,1.9751021658590746,2.6179106129978966,3.0942136081221117,2.296066060383778,3.02839104594399,4.883714575843543,4.440202377901754,1.1540047612577378,0.0,2.546636193094139,1.5908643748256632,0.0,1.4578859290721393,0.6572311814765064,3.4479089247769803,2.062855860352047,1.3996351360020158,1.7901633155693433,1.0670052370593583,2.03568861201592,1.0113231547676684,1.6297850755318248,0.19108874973600476,1.8452843616162502,1.1509780351185621,1.6724661217747685,1.4602680676548658,0.0,0.0,0.0,0.0,2.0208420462459467,2.131790317030412
R2,0.0,0.0,0.0,0.0,0.0,0.0,0.0,0.0,0.0,0.0,0.0,0.0,0.0,0.0,0.0,0.0,0.0,0.0,0.0,0.0,0.0,0.0,0.0,0.0,0.0,0.0,0.0,0.0,0.0,0.0,0.0,0.0,0.0,0.0,0.0,0.0,0.0,0.0,0.0,0.0,0.0
hetNOE,10.424411202210987,10.012486610624679,0.0,1.8967792603553497,2.1387188260781205,2.3641198143273763,0.49633816128982455,0.0,1.888039138691863,1.7100559830737248,3.8970115257513918,1.2974270568350321,0.4821169336755051,0.0,0.0,3.3225799911857594,10.441722076485885,0.9641311638337426,1.5199171003256904,8.472709068889905,2.2830938748937557,6.056394872468794,3.3559519379950205,6.115092549258139,2.2328293204018,2.8373790010613282,6.271005160024024,6.428374813783807,7.598070452625626,9.27289003997995,5.674632023560901,9.566775559763855,7.977594680326275,10.995664788478068,7.303904483703942,5.800588006107103,7.829341512045241,8.14381266795639,15.781178601255966,13.708163288026451,6.384626701105309
