,3ALA,4MET,5THR,7VAL,8ARG,12THR,14ASP,16LEU,17ASN,18LEU,19ARG,20GLY,22LEU,23ASP,24GLY,26ARG,27TRP,28ARG,29ARG,30ALA,31GLU,33ALA,34GLN,35SER,36ARG,37ARG,39GLY,40ARG,41SER,42ARG,44GLY,45GLY,46ALA,48LEU,49ARG,50TYR,52ARG,53THR,54GLY,55VAL,56GLY,57MET,58SER,59ARG,60THR,61GLY,63GLY,64SER,65ARG,67VAL,Averages
R1,0.0,1.1483011757996562,0.8266479675608647,0.43570045790965994,2.0059301921886257,1.704295877818213,0.5445959980898434,1.0313932227036653,0.664473277436064,0.065504206212051,0.9429104050242108,0.5494892376377987,0.26628707646681127,0.8443591209589927,0.6902952625385079,0.9906037690167733,1.7301970865546212,1.1810391527797255,0.0,0.0,0.0,0.31931591339609944,0.5600215326201337,0.6157385928923094,1.8568453398712514,1.4029894482392011,2.044283174115968,4.252066184994639,2.55206820519927,2.4456771971698017,2.621765099849337,3.849022801429972,3.3017109872757064,2.3219366761528355,2.581910740426264,2.505597909885362,2.811242556425058,2.947064005926657,3.2970852918491946,2.9600308944602354,2.671385766399941,3.452504484748278,2.520084182415553,3.7090057841074353,2.6375305343952453,2.7990661780585935,2.452285521058952,2.9076576430326977,1.4236737508396673,0.0,1.9532118084713703
R2,0.0,0.0,0.0,0.0,0.0,0.0,0.0,0.0,0.0,0.0,0.0,0.0,0.0,0.0,0.0,0.0,0.0,0.0,0.0,0.0,0.0,0.0,0.0,0.0,0.0,0.0,0.0,0.0,0.0,0.0,0.0,0.0,0.0,0.0,0.0,0.0,0.0,0.0,0.0,0.0,0.0,0.0,0.0,0.0,0.0,0.0,0.0,0.0,0.0,0.0,0.0
hetNOE,9.37582107099344,9.177242587864455,5.533675763812413,4.151005922104548,4.780372190458752,2.6492061129106483,0.8016453955215794,0.0,0.0,0.0,0.2667958545101843,0.0,0.056488040040466814,0.549537904867762,1.5490405139590835,0.6478362154951602,1.3813027507931088,0.6384579414765477,0.0,0.0,0.0,0.0,0.0,0.3189944444054784,1.299431656633335,2.923363145633581,3.710490532258314,6.068546303013507,7.292600210278653,7.707326698789396,7.660910171570283,11.741731155300323,7.238137999653407,8.043532295755687,5.830067340080312,5.600933855609508,5.56732176539365,5.80042422121757,6.893297517603203,7.381140840182674,7.299196469579254,7.087512795072964,7.796625221328945,7.946619439858885,7.920265438617157,7.897660372424939,9.698228979686395,9.509077633907495,8.379639929784855,4.049312303937401,5.454673053074513
