,5GLN,6ALA,9VAL,10LYS,11VAL,12ASP,13GLY,14SER,15GLU,17LYS,19SER,24LYS,25ARG,28LYS,29ALA,30GLU,31LYS,33VAL,34ALA,35GLU,36LYS,41LYS,42GLU,45GLU,49SER,51ALA,52THR,53ALA,54ALA,56THR,59THR,60THR,61ASP,62ASN,63GLY,65GLY,67GLU,68GLU,70SER,72ASP,Averages
R1,0.0,0.0,0.0,0.8371143813597539,0.0,0.8763212489509753,2.613588502151598,2.4813316527512668,0.39258190297792717,2.367893955417766,2.047111976971839,1.5162393430128382,1.289025747046093,2.821673064318063,2.0368695490344697,0.0,0.0,1.1268644122396312,0.4890417303260586,0.0,1.3761616237520071,1.2998263912821968,3.878410098037615,1.5565732691671421,0.3026737597160567,0.9959971233883946,0.0,0.8722039704754427,0.01147001531069547,1.9469081254603124,0.0,2.0863395114710124,0.5565589474054335,0.6980423733733319,0.0,0.32665390005859174,0.278181890285774,0.0,0.5761707414660455,3.554237693878912,1.2497919901837604
R2,0.0,0.0,0.0,0.0,0.0,0.0,0.0,0.0,0.0,0.0,0.0,0.0,0.0,0.0,0.0,0.0,0.0,0.0,0.0,0.0,0.0,0.0,0.0,0.0,0.0,0.0,0.0,0.0,0.0,0.0,0.0,0.0,0.0,0.0,0.0,0.0,0.0,0.0,0.0,0.0,0.0
hetNOE,23.449451334799683,21.477112288133178,5.589364216161417,8.0400360391716,9.502255270536741,7.2180758512789165,5.250716869422012,4.495072735244944,4.832545006600776,2.8679203119333003,4.921262988765193,1.9724928788868699,2.3090767491099498,2.490953991537784,2.312531447127055,5.365220900501589,12.325159360083356,3.7391282679066196,4.231823067204126,9.910161644786886,3.310117065328848,5.89332136071888,3.270890972701147,6.504935255322464,4.129197545589259,5.004902779658346,8.994125842080512,8.820948768742467,10.053964080955069,10.0361436387538,6.002557458085801,9.866051918766857,9.896266586072786,13.638645621273518,11.245842417991199,10.107543516604592,10.617547459459153,10.708265565502524,18.842874421524627,17.620623073127533,9.510106583513332
