,5GLN,6ALA,9VAL,10LYS,11VAL,12ASP,13GLY,14SER,15GLU,17LYS,19SER,24LYS,25ARG,28LYS,29ALA,30GLU,31LYS,33VAL,34ALA,35GLU,36LYS,41LYS,42GLU,45GLU,49SER,51ALA,52THR,53ALA,54ALA,56THR,59THR,60THR,61ASP,62ASN,63GLY,65GLY,67GLU,68GLU,70SER,72ASP,Averages
R1,0.8744420555736354,0.3235799277650222,0.5651023016994208,1.2013687226428602,0.0,1.9931448339470124,4.75283219775547,4.413800014725574,1.689121026876657,2.5990659363295303,3.55392579322728,3.1201924683083444,2.5992447949391817,4.439506448678956,4.246192250530748,2.560093133900559,0.0,1.7034437259613373,1.9142901017834482,1.3190668597039519,2.421379257916198,1.2857082283856203,4.314580247826381,0.9983665874482772,3.206779817811232,3.834821898720606,2.2261012309152792,3.104076119099626,2.4491212327070175,2.430464181342199,0.0,3.629822505798268,2.510477144356313,3.2754230483451083,3.1159502240005663,0.8404769979595998,0.0,0.0,0.02257444319472013,1.8515926986455913,2.4297524416242275
R2,0.0,0.0,0.0,0.0,0.0,0.0,0.0,0.0,0.0,0.0,0.0,0.0,0.0,0.0,0.0,0.0,0.14476379690097985,0.0,0.0,0.12481183063988421,0.0,0.0,0.0,0.0,0.0,0.0,0.0,0.0,0.0,0.0,0.0,0.0,0.0,0.0,0.0,0.0,0.0,0.0,0.0,0.0,0.0
hetNOE,20.035863944001775,18.253430717483823,3.735119831566097,6.9811481249703435,7.884782087643508,5.073750360941031,1.1163652077425978,1.8135021346113596,4.239721366853797,3.780536910327876,4.876201062264058,2.3168490317767994,2.7238335401704674,2.298707931247624,1.6698594332584156,4.857423299684831,13.088235438078964,4.796681468093421,4.94430330278247,11.075208430393817,4.6744096121430205,7.1021610921330485,4.298455309320503,5.622318128984658,0.0,0.30368241986486244,4.781767957704651,5.151505206693326,5.8942802609929394,9.226825081492006,5.082604607749123,8.312501540954607,7.04055988327724,9.333319866715346,6.433136671032626,5.4846015196048965,8.167190684792178,9.501473469835894,17.14926938126894,16.677683225166632,7.982311823106361
