,3ALA,4MET,5THR,7VAL,8ARG,12THR,14ASP,16LEU,17ASN,18LEU,19ARG,20GLY,22LEU,23ASP,24GLY,26ARG,27TRP,28ARG,29ARG,30ALA,31GLU,33ALA,34GLN,35SER,36ARG,37ARG,39GLY,40ARG,41SER,42ARG,44GLY,45GLY,46ALA,48LEU,49ARG,50TYR,52ARG,53THR,54GLY,55VAL,56GLY,57MET,58SER,59ARG,60THR,61GLY,63GLY,64SER,65ARG,67VAL,Averages
R1,0.0,0.3992455345493118,0.04719239219616256,0.12268247048522318,0.7379238176999527,0.5677413456194049,0.676294068796538,0.0,0.9673762334328149,0.0,0.37272244960370404,0.24255884043601816,0.6838767341555614,0.38227869834140416,0.33529008800906435,0.6345120600942189,0.8294932072104408,1.644545717700833,0.8416110024146437,1.232081583361556,0.14971174446271385,0.15150734480312789,0.47658344963321997,0.7117788848114264,0.9522900066519577,0.5833122424863382,0.4269754076897445,1.391114475308536,0.5307762509046741,0.26271434520104986,0.0,1.9498570041883507,1.4579193218572395,0.8758434663525634,1.753985139788509,1.4018565433250565,2.0262322420686147,1.5466046193538392,1.8937758838089702,2.0861564256407625,1.1012955115268772,1.6280804135211207,1.2651411175257472,2.909702961081312,1.5781600986004856,1.356478506621619,1.467345255687524,1.4342650191899247,0.4502457207853605,0.0,0.9988194204813245
R2,0.0,0.0,0.0,0.0,0.0,0.0,0.0,0.0,0.0,0.0,0.0,0.0,0.0,0.0,0.0,0.0,0.0,0.0,0.0,0.0,0.0,0.0,0.0,0.0,0.0,0.0,0.0,0.0,0.0,0.0,0.0,0.0,0.0,0.0,0.0,0.0,0.0,0.0,0.0,0.0,0.0,0.0,0.0,0.0,0.0,0.0,0.0,0.0,0.0,0.0,0.0
hetNOE,6.073746889759862,6.430068237363763,2.3537721346941938,2.316218764595176,2.118787848338763,0.0,0.0,0.0,0.0,0.0,0.0,0.0,0.3105484106043035,0.0,0.0,0.0,0.3448154262237193,0.29561153246741445,0.23508598790191648,0.48000230428034896,0.11613611452870853,0.0,0.0,0.06467500098685486,0.0,0.0,0.0,0.18247760790765266,0.0,0.0,0.22189635667582008,4.335889598075132,2.3065634221443996,2.728903133509102,2.1467176543665323,1.960175001823726,2.6859904146745612,2.167538271008764,2.9068768255226543,4.467619637648917,3.2229335558789733,2.747550350927077,2.9021925707531047,4.075360460214247,3.159435470509348,2.973399818092583,5.210501394829991,4.7283729978053595,3.259367379719383,0.0,2.145509781668761
