,3ALA,4MET,5THR,7VAL,8ARG,12THR,14ASP,16LEU,17ASN,18LEU,19ARG,20GLY,22LEU,23ASP,24GLY,26ARG,27TRP,28ARG,29ARG,30ALA,31GLU,33ALA,34GLN,35SER,36ARG,37ARG,39GLY,40ARG,41SER,42ARG,44GLY,45GLY,46ALA,48LEU,49ARG,50TYR,52ARG,53THR,54GLY,55VAL,56GLY,57MET,58SER,59ARG,60THR,61GLY,63GLY,64SER,65ARG,67VAL,Averages
R1,0.0,0.0,0.0,0.0,0.2852800826614035,1.4916442529066183,0.8794279519292234,1.6557066975751469,1.4046272075556874,1.0298742996238106,1.3460499243033324,0.921536550742553,0.0,0.2764226450447318,0.16418926847581883,1.2831269860701595,0.7708139354271106,1.349101490472199,1.2076904070329215,0.9125841547535507,0.0,0.09594857895815156,0.0,0.3358803637336696,1.3081560863978923,1.0844454782913795,1.1161046388452425,2.515299193389971,1.1503139425022564,0.8977852363001708,0.7047742897410647,1.439138664917504,1.349362468408208,0.31688257687126997,1.2385390767983098,0.7608415576823171,1.5537779514502965,1.408581575804193,1.7180395455640478,1.2798120422399801,0.8584231186985589,1.382433112893359,0.3940318159545033,1.6737199169276402,0.6732626783400164,0.5989647171616428,0.0142998993158725,0.12956664338328538,0.0,0.5720381128036889,0.9016651897120387
R2,0.0,0.0,0.0,0.0,0.0,0.0,0.0,0.0,0.5744530495158358,0.0,0.0,0.26659817918920936,0.0,0.0,0.0,0.0,0.0,0.0,0.0,0.0,0.0,0.0,0.0,0.0,0.0,0.0,0.0,0.0,0.0,0.0,0.0,0.0,0.0,0.0,0.0,0.0,0.0,0.0,0.0,0.0,0.0,0.0,0.0,0.0,0.0,0.0,0.0,0.0,0.0,0.0,0.0
hetNOE,1.8641562500220275,1.2186519127803734,0.0,0.0,0.0,0.5429632605332504,0.0,0.0,0.0,0.0,0.015745533370583376,0.42905024735692665,1.2823618571833952,1.0485509966858286,0.6023810745576244,0.0,0.0,0.3165886615365663,0.5062574047186976,0.5986123641717076,0.591040203528713,1.4782062607196655,0.6940843221983448,0.9707752963441854,0.4323559526193308,0.0,0.0,0.04213106718998083,0.0,0.0,0.0,0.3329249728363568,0.1716884373987526,0.0,0.0,0.0,0.0,0.0,0.8027635158916115,1.6212774671036358,1.314420975448972,0.7198258288345607,0.915796789458339,0.945108622896939,1.052710595847572,0.8830915251224278,0.0,0.0,0.0,3.5723674400252996,0.5627949865531858
