,3ALA,4MET,5THR,7VAL,8ARG,12THR,14ASP,16LEU,17ASN,18LEU,19ARG,20GLY,22LEU,23ASP,24GLY,26ARG,27TRP,28ARG,29ARG,30ALA,31GLU,33ALA,34GLN,35SER,36ARG,37ARG,39GLY,40ARG,41SER,42ARG,44GLY,45GLY,46ALA,48LEU,49ARG,50TYR,52ARG,53THR,54GLY,55VAL,56GLY,57MET,58SER,59ARG,60THR,61GLY,63GLY,64SER,65ARG,67VAL,Averages
R1,0.0,0.5877507886794016,0.3515410507650212,0.3012847236891334,1.2265624760755776,1.55508114479015,0.9950357236270169,1.2101650608582073,1.440654416281871,1.1172478608260956,1.090774808467486,1.0453338729948083,1.071195994801582,1.1699160347915871,1.3904607651986125,1.5025170724608068,2.0678285731998503,2.4038333420419202,1.894813527341733,1.7584044246482198,0.4850058941505373,0.3728302039849267,0.36910023447328255,0.0,0.9451760476680477,0.6776181263592149,0.0,0.5041424505445644,0.0,0.0,0.0,2.037691295252819,0.0,0.0,0.4348889172188166,2.1068854354894633,0.7981897685720376,0.6802192835442191,1.0596901947707877,1.4965573931909608,0.9465895646882947,1.2443570141583753,0.44782746039389365,1.6513721716760918,1.2696490791814155,0.14294798223456207,0.0,0.35709503918038443,0.0,0.11394922046300393,0.9283951412876617
R2,0.0,0.0,0.0,0.0,0.0,0.0,0.0,0.0,0.33761080526613485,0.0,0.0,0.0,0.0,0.0,0.0,0.0,0.0,0.0,0.0,0.0,0.0,0.0,0.17746762805922311,0.0,0.0,0.0,0.0,0.0,0.0,0.0,0.0,0.0,0.0,0.0,0.0,0.0,0.709326490434961,0.0,0.0,0.6182853421606946,0.0,0.0,1.2674248080026373,0.0,0.0,0.0,0.0,0.0,0.0,0.0,0.0
hetNOE,5.951121686217441,6.91547598857931,3.631682245645446,2.195822594775704,2.0257348535941184,0.6378432073280185,0.0,0.0,0.0,0.0,0.0,0.0,0.061850271980789184,0.0,0.04827370748911952,0.0,0.8272103989578152,0.007170540469273234,0.0,0.0,0.0,1.011169684928308,0.758666402151986,1.9397740943772623,1.2193177339185644,0.4259332612305957,1.5034118634577411,0.5324238162028492,1.4460106876045922,0.08682704819255949,0.8004023012451853,1.9573554496404584,0.27481893584238404,0.880112443566208,1.175563364208755,0.0,0.7734663897613512,1.394533567188287,0.853887056420485,0.0,0.0,0.9412989889879533,1.5613623838890276,1.1016313516675091,0.33941697460133313,0.5514795587814834,0.773370193512317,0.12878144021784488,0.8112848350596422,4.142952010052532,1.413896189847633
