,5GLN,6ALA,9VAL,10LYS,11VAL,12ASP,13GLY,14SER,15GLU,17LYS,19SER,24LYS,25ARG,28LYS,29ALA,30GLU,31LYS,33VAL,34ALA,35GLU,36LYS,41LYS,42GLU,45GLU,49SER,51ALA,52THR,53ALA,54ALA,56THR,59THR,60THR,61ASP,62ASN,63GLY,65GLY,67GLU,68GLU,70SER,72ASP,Averages
R1,2.4158168076204287,1.6094552600712917,0.8024221382454952,2.0486321214607086,1.553176183626539,2.9159958177630627,4.696305185861232,4.35005611477642,2.31872892453891,3.448047528717482,3.9254132646962736,4.0856209216589425,3.556829393921215,5.110489784987389,5.362069043586045,1.6135286770020456,0.0,2.288510133262594,2.0888407214534292,0.7569592316042801,2.6042660857111386,1.514427388780606,4.868452246956449,0.8773917785681087,1.5024649041152105,2.7788682713992063,1.5920940713315535,3.2804366887825713,1.9131581424819517,1.7628112897117516,0.0,2.447278807610129,0.9050700768549806,1.374665633413505,1.211207023092697,0.0,0.0,0.0,0.0,2.2807340168881858,2.4695841047236455
R2,0.0,0.0,0.0,0.0,0.0,0.0,0.0,0.0,0.0,0.0,0.0,0.0,0.0,0.0,0.0,0.0,0.013432281432168347,0.0,0.0,0.0,0.0,0.0,0.0,0.0,0.0,0.0,0.0,0.0,0.0,0.0,0.0,0.0,0.0,0.0,0.0,0.0,0.0,0.11713614166456354,0.0,0.0,0.0
hetNOE,12.530417196267134,12.028970148689632,0.0,2.7661688500139943,3.465042758502287,0.9945203497811448,0.0,0.0,0.9801588396913044,0.27695373459282724,2.4901953749996792,0.0,0.0,0.2112184527262484,0.0,3.539015339248942,11.388209334568069,2.282384355553717,1.8208752431369954,8.318931901976109,2.008623956950514,4.953394803063898,1.5920968903010086,4.243981084804257,1.482791621446082,1.8706298848786505,5.401761138134807,5.229500415566777,7.0164283982973075,10.707200466096817,7.302511199618662,11.3901081993893,10.18233889555976,13.304777136754426,10.491474070483147,9.30151387177642,11.036052682705932,10.987946474126906,18.231705381361273,15.563772017436168,7.350402544835221
