,3ALA,4MET,5THR,7VAL,8ARG,12THR,14ASP,16LEU,17ASN,18LEU,19ARG,20GLY,22LEU,23ASP,24GLY,26ARG,27TRP,28ARG,29ARG,30ALA,31GLU,33ALA,34GLN,35SER,36ARG,37ARG,39GLY,40ARG,41SER,42ARG,44GLY,45GLY,46ALA,48LEU,49ARG,50TYR,52ARG,53THR,54GLY,55VAL,56GLY,57MET,58SER,59ARG,60THR,61GLY,63GLY,64SER,65ARG,67VAL,Averages
R1,0.0,0.0,0.0,0.0,0.0801308247590613,0.4083371108163292,0.0,0.6132536286246213,0.24439160045636155,0.3741686432592104,0.7217348377302044,1.2745738145860783,0.7857875349540371,0.6434043000367426,1.1080926293451645,1.5930620072173656,0.7412892101946915,1.469140299740042,1.1084445165424,0.5666371181798009,0.0,0.7570328307291636,0.0,1.277758647629914,2.1305409341239847,1.5210425354083736,1.2351185708716352,2.272996122370294,0.75053386670323,0.566914619200662,0.0,0.6936892276207836,0.24350720588249564,0.6329114518507184,1.4330706626395928,1.0224225872377501,1.5685001249097033,1.061884807356651,1.0249440477391722,0.7963853874720266,0.30059801296276634,0.32667760502349386,0.18331818604876648,0.9840927517389528,0.41875309108030967,0.026255167505615074,0.20055544937479608,0.25844848111549523,0.0,0.9620205006306397,0.754677337403648
R2,0.0,0.0,0.0,0.0,0.0,0.0,0.0,0.0,0.0,0.0,0.0,0.0,0.0,0.0,0.0,0.0,0.0,0.0,0.0,0.0,0.0,0.0,0.0,0.0,0.0,0.0,0.0,0.0,0.0,0.0,0.0,0.0,0.0,0.0,0.0,0.0,0.0,0.0,0.0,0.0,0.0,0.0,0.0,0.0,0.0,0.0,0.0,0.0,0.0,0.0,0.0
hetNOE,4.233478927142929,3.710998824720578,0.3190693801682687,0.0,0.0,0.0,0.1884105411553758,0.0,0.0,0.0,0.0,0.0,0.0,0.0,0.0,0.0,0.0,0.0,0.0,0.19242568598118437,0.23948068945596845,0.0,0.0,0.0,0.0,0.0,0.0,0.0,0.0,0.0,0.5454739029188391,0.0,0.0,0.0,0.0,0.0,0.0,0.0,0.0,0.2576850797902266,0.0,0.0,0.0,0.0,0.0,0.0,0.0,0.0,0.1594103318685023,4.7076472401149765,0.433364808947019
