,3ALA,4MET,5THR,7VAL,8ARG,12THR,14ASP,16LEU,17ASN,18LEU,19ARG,20GLY,22LEU,23ASP,24GLY,26ARG,27TRP,28ARG,29ARG,30ALA,31GLU,33ALA,34GLN,35SER,36ARG,37ARG,39GLY,40ARG,41SER,42ARG,44GLY,45GLY,46ALA,48LEU,49ARG,50TYR,52ARG,53THR,54GLY,55VAL,56GLY,57MET,58SER,59ARG,60THR,61GLY,63GLY,64SER,65ARG,67VAL,Averages
R1,0.0,0.74147887464591,0.3435048270965977,0.0,1.0861296869825963,1.4278563624589022,0.47250463755668437,0.6898702509335599,0.7273009519671096,0.13139211602064638,0.5606624042368222,0.35032211322931994,0.6746934833159761,0.570065866449714,0.6776317595524635,0.5827054291660796,1.4972966101153578,1.1648978285210236,0.5482782739304295,0.0,0.0,0.0,0.14322379778610572,0.2798162309679364,1.2312869319653288,0.6914280981733902,1.3554495941694271,3.325300463244739,1.7821948456967656,1.5560862578479893,1.7124676246535868,3.313701611113408,2.589750774297153,1.2582212583514956,1.7504657181088499,1.9281783579748324,1.9589998640574544,2.0330877520514616,2.017925334438485,2.531054704948823,2.122519150286597,2.4313064686011807,1.6036217913136879,2.6233664900605858,1.7259422104823892,1.814534929851646,1.7800558485196234,2.3618533657437673,0.7780015538036507,0.0,1.3766770369024606
R2,0.0,0.0,0.0,0.0,0.0,0.0,0.0,0.0,0.0,0.0,0.0,0.0,0.0,0.0,0.0,0.0,0.0,0.0,0.0,0.0,0.0,0.0,0.0,0.0,0.0,0.0,0.0,0.0,0.0,0.0,0.0,0.0,0.0,0.0,0.0,0.0,0.0,0.0,0.0,0.0,0.0,0.0,0.0,0.0,0.0,0.0,0.0,0.0,0.0,0.0,0.0
hetNOE,6.182539955848282,7.359988125416706,3.496591568082221,1.8453789394593203,1.9923411546169718,1.7990275638187905,0.0,0.0,0.0,0.0,0.0,0.0,0.22853242106981164,0.0,0.536717128423623,0.0,0.7443711760588769,0.0,0.0,0.0,0.0,0.0,0.0,0.013400775669547782,0.5636124170167209,1.4452110983426438,1.8673014999633066,3.4549851584784905,4.429849419903332,4.707111318184254,4.522030510339698,9.044860862150434,4.991134612479838,4.976034035125508,3.287251173241841,3.5372690211948195,3.285433552821277,3.2614269603925834,3.435980808832607,5.737049030749819,5.375394788671802,4.086338347287526,4.332319317074319,4.315746229037091,4.212079433354001,4.829015037802503,6.103073885619354,6.398983562762013,5.418357854037273,1.546235188753605,3.383818391165317
