,5GLN,6ALA,9VAL,10LYS,11VAL,12ASP,13GLY,14SER,15GLU,17LYS,19SER,24LYS,25ARG,28LYS,29ALA,30GLU,31LYS,33VAL,34ALA,35GLU,36LYS,41LYS,42GLU,45GLU,49SER,51ALA,52THR,53ALA,54ALA,56THR,59THR,60THR,61ASP,62ASN,63GLY,65GLY,67GLU,68GLU,70SER,72ASP,Averages
R1,0.9175594526286861,0.2037531333078575,0.46793496777881427,0.9594026189643479,1.3565488036237459,2.4626044040849013,4.027675126777864,3.945838943939558,1.3196016473544954,2.6279064082175183,2.9752790831255074,3.3434906923601106,2.9906668306420054,5.221294334380918,4.986517870217542,1.6781170255047586,0.0,2.378150621765001,2.062360969897683,1.40578700760347,3.112619675757059,1.6839343441997787,4.5654377349209,0.09235101976922455,2.639490468444826,2.9884994000858716,2.17339571315062,2.722670410367066,1.9962305620520358,2.3445754276396955,0.020688314254245332,3.5381026755182665,1.7687340678387717,2.4824839785495443,1.827155067959624,0.0,0.0,0.0,0.0,3.38036680456971,2.370210193210012
R2,0.0,0.0,0.0,0.0,0.0,0.0,0.0,0.0,0.0,0.0,0.0,0.0,0.0,0.0,0.0,0.0,0.0,0.0,0.0,0.0,0.0,0.0,0.0,0.0,0.0,0.0,0.0,0.0,0.0,0.0,0.0,0.0,0.0,0.0,0.0,0.0,0.0,0.21073698292730914,0.0,0.34243337220817627,0.0
hetNOE,19.83095685113098,18.500615830456937,2.7337924255238235,6.207664347707106,5.143139122595061,3.8669019069251993,2.0822590162890475,1.6671773314501777,3.2488359897875716,2.0334269091588384,3.4228043642666703,1.319782053329258,1.6350346417689399,1.4344036981230834,1.8522342847099758,5.2199658711578305,12.352061886689407,3.0143763064178355,2.758140749420583,8.80616437810102,1.5413702972780343,5.363126544036854,2.6762225004859648,4.598718443516213,1.5969408876385578,1.7076987297743424,4.58817169798454,4.910871983768087,5.96754535363244,8.518468321265374,4.092140762142459,9.163416768507284,8.578094872211832,11.600829709480124,9.237505230422146,8.540112328058461,11.14597536815413,11.685041130354557,18.981307032989594,19.136806142971515,8.185100778581356
