,5GLN,6ALA,9VAL,10LYS,11VAL,12ASP,13GLY,14SER,15GLU,17LYS,19SER,24LYS,25ARG,28LYS,29ALA,30GLU,31LYS,33VAL,34ALA,35GLU,36LYS,41LYS,42GLU,45GLU,49SER,51ALA,52THR,53ALA,54ALA,56THR,59THR,60THR,61ASP,62ASN,63GLY,65GLY,67GLU,68GLU,70SER,72ASP,Averages
R1,2.4959182284441814,2.416288725000363,1.6434076338613637,2.460962346694505,2.3823245672128848,2.856116232920243,4.374653894954903,4.474486035354739,2.5195308789237405,3.2048468150040152,3.49701056875152,2.6121646749047045,3.0186614360204898,4.452605266729607,5.10019208645164,2.77301913933286,0.0,2.247548071970146,2.1170567863880594,0.6211288723964181,1.854189849701854,0.7541084674919007,4.182033747104008,2.4867257500645517,0.6841465883764339,1.541392455233951,0.0,1.895199872553595,0.9514285816559427,1.0140269694516237,0.12974415830861852,2.5216848575428,1.1923698692933313,1.8329937948153319,1.7992240859171589,0.0,0.0,0.0,0.0,2.402473128614202,2.2983981019996063
R2,0.0,0.0,0.0,0.0,0.0,0.0,0.0,0.0,0.0,0.0,0.0,0.0,0.0,0.0,0.0,0.0,0.0,0.0,0.0,0.0,0.0,0.0,0.0,0.0,0.0,0.0,0.0,0.0,0.0,0.0,0.0,0.0,0.0,0.0,0.0,0.0,0.0,0.0,0.0,0.0,0.0
hetNOE,11.739722225176708,10.573140795501923,0.5238725857700268,0.87327901415694,2.0488018725177843,1.3809935499878474,0.0,0.0,0.8662857099626811,0.0,2.3423174399407416,0.32759314227719605,0.0,0.0,0.0,0.7222349529397267,9.394693179471414,0.0339731143039681,0.5634946817253903,7.658877964183624,1.1462769926776106,5.691347446094271,2.5570957329804442,6.779727887455372,3.566224787178621,3.5511288634895593,7.55793246228037,7.24481058419059,8.436350199248176,9.858096196603912,5.595467164011353,8.997530854644143,7.868198637680555,11.794663041839533,7.13897684340405,5.955575743429026,7.029500150769563,7.853652496993423,15.028589808094338,14.212867624841202,6.364360176000031
