,3ALA,4MET,5THR,7VAL,8ARG,12THR,14ASP,16LEU,17ASN,18LEU,19ARG,20GLY,22LEU,23ASP,24GLY,26ARG,27TRP,28ARG,29ARG,30ALA,31GLU,33ALA,34GLN,35SER,36ARG,37ARG,39GLY,40ARG,41SER,42ARG,44GLY,45GLY,46ALA,48LEU,49ARG,50TYR,52ARG,53THR,54GLY,55VAL,56GLY,57MET,58SER,59ARG,60THR,61GLY,63GLY,64SER,65ARG,67VAL,Averages
R1,0.0,0.5713727947885898,0.03515664998311441,0.0,1.089192124188409,1.3838289981171719,0.6536524198219038,1.110696706733913,1.0169464961979617,0.0,0.9947913419321117,0.8835689822319597,1.1598857998778649,1.0415702167003813,0.0,1.066280046483488,1.5620986110705601,1.1862099517928084,0.4832116858202591,0.9800437331783223,0.0,0.0,0.0,0.4548299681503274,0.7358561082667596,0.849805853335994,1.1196276445089777,2.2943659109215067,0.6689882306500925,0.6836466730983455,0.9089085770390419,1.5880971117715186,0.9902358197370333,0.275254526911878,0.24385961066396789,0.5323206660167781,0.9279630978416784,1.2943988808299993,1.293372244303133,0.9659018611416355,0.0,1.5145163779844735,0.6786475607833764,1.2811087921022897,1.1197176559724134,0.35146251806061746,0.4392917818745632,1.0266118540619305,0.0,0.0,0.8069287907526106
R2,0.0,0.0,0.0,0.0,0.0,0.0,0.0,0.0,0.0,0.0,0.0,0.0,0.0,0.0,0.0,0.0,0.0,0.0,0.0,0.0,0.0,0.0,0.0,0.0,0.0,0.0,0.0,0.0,0.0,0.0,0.0,0.0,0.0,0.0,0.0,0.0,0.0,0.0,0.0,0.0,0.0,0.0,0.0,0.0,0.0,0.0,0.0,0.0,0.0,0.0,0.0
hetNOE,5.642926615827127,6.891061638601293,2.8860086315544127,2.3436917032069395,2.380537728616396,1.5476328292854782,0.6402145489594233,1.3459133060857926,1.1183017839060705,0.1856022558991801,1.6098549286801265,0.751833548952576,1.7937514281430835,0.8067135705309749,0.0,0.9902691775036767,1.4404258168129727,0.9140732945622752,0.3514035126624673,0.7625935274057025,0.0,0.0,0.0,0.0,0.0,0.6477643785892098,1.5360958183527331,1.8027460748391295,0.8043891729129262,1.4636317170390623,2.5527159325491384,2.996890752042178,1.2570367649495293,1.0407613647038394,0.28909803980413007,0.6192917232668513,0.47341347395912203,0.9282880303997985,1.4220721659968527,1.6587324356398194,0.6830713801582253,1.5684588457263704,1.40165092356809,0.591676837477481,1.0694922887825937,0.8678563866969744,1.820715394335641,2.205707943526279,1.2702918604607047,1.1178472936396653,1.6327171513995862
