,3ALA,4MET,5THR,7VAL,8ARG,12THR,14ASP,16LEU,17ASN,18LEU,19ARG,20GLY,22LEU,23ASP,24GLY,26ARG,27TRP,28ARG,29ARG,30ALA,31GLU,33ALA,34GLN,35SER,36ARG,37ARG,39GLY,40ARG,41SER,42ARG,44GLY,45GLY,46ALA,48LEU,49ARG,50TYR,52ARG,53THR,54GLY,55VAL,56GLY,57MET,58SER,59ARG,60THR,61GLY,63GLY,64SER,65ARG,67VAL,Averages
R1,1.6114163867568028,1.8721422537498076,1.8338592356031138,1.4493022141182195,0.0,0.0,0.19755169956290186,0.5208650923246365,0.0,0.0,0.039364696566610125,0.33828553066695943,0.0,0.0,0.6231073723261664,0.0,0.0,0.0,0.4713719157967833,0.0,0.8226674592735577,0.0,0.0,0.0,0.0,0.0,0.0,0.0,0.0,0.4586538330714167,0.5165889458129678,1.346503780704802,0.7441834983575508,0.0,0.0,0.0,0.0,0.0,0.0,0.0,0.8733834922095485,0.34272087156119335,0.8112220046646501,0.0,0.0,0.0,0.05454553006851559,0.3720142981881216,1.0258102896573025,2.7750193899156534,0.3649832249253875
R2,0.0,0.0,0.0,0.0,0.0,0.0,0.0,0.0,0.0,0.0,0.0,0.0,0.0,0.0,0.0,0.0,0.0,0.0,0.0,0.0,0.0,0.0,0.0,0.0,0.0,0.0,0.0,0.0,0.0,0.0,0.0,0.0,0.0,0.0,0.0,0.0,0.0,0.0,0.0,0.0,0.0,0.0,0.0,0.0,0.0,0.0,0.0,0.0,0.0,0.0,0.0
hetNOE,5.54379639279809,5.089219886160829,5.225413831265277,4.111322083359348,2.115902250012983,1.6769390061745093,2.299099283351211,1.69989227826694,1.3244898849998346,2.1501529634504046,1.7849796398732694,2.445122067825208,1.9840635045535562,1.2576283703420454,2.667425929764682,0.9507570154618374,0.11730575032232426,0.7592417777542646,1.5210357472162817,1.6675394900836835,1.7887362841044792,2.0631083795904233,1.4665135954836512,1.322320677959301,0.960739117958531,1.1832819281411044,1.7925338704168592,1.7282087285244483,1.5207458337707047,2.448486623520009,3.320717590050503,3.727122877721662,3.2144823546572185,1.8119209334328525,2.0474582622372797,0.9792544474378782,1.4267164330870226,1.7357880450237513,2.301500985598024,1.412660448769909,3.040719381582792,3.056217914840227,3.4453585139052443,3.069018406510401,2.613442091720118,2.3203306920586804,2.9964672996374095,3.0315868404758524,4.514456001955677,10.257287782830211,2.813427160723133
