,5GLN,6ALA,9VAL,10LYS,11VAL,12ASP,13GLY,14SER,15GLU,17LYS,19SER,24LYS,25ARG,28LYS,29ALA,30GLU,31LYS,33VAL,34ALA,35GLU,36LYS,41LYS,42GLU,45GLU,49SER,51ALA,52THR,53ALA,54ALA,56THR,59THR,60THR,61ASP,62ASN,63GLY,65GLY,67GLU,68GLU,70SER,72ASP,Averages
R1,1.9550435374888773,1.404222841950685,0.7853480314196264,1.8487773448674631,1.5513810521002065,2.4869667584042467,3.4491394296013924,2.76106222811313,1.62598761534452,1.518268212888184,3.8568026633193835,2.3437126328774456,1.2775572852610844,2.514536035810356,2.8077394596581153,0.79900736880966,0.0,1.1845207560750888,1.2871161795102055,0.7247743769480561,1.9582276375705665,2.274074233660148,4.30203554192277,0.8799916413396598,1.8756887791877586,1.882381715233831,0.41805541660080525,1.8095876476744648,0.8198662723904617,1.636589269043383,0.0,2.6443308131014485,0.462244971601264,0.226072248716507,0.0,1.650787912235724,1.4243633813002936,0.993994366586237,0.0,3.035641228319773,1.801857389900706
R2,0.0,0.0,0.0,0.0,0.0,0.0,0.0,0.0,0.0,0.0,0.0,0.0,0.0,0.0,0.0,0.0,0.0,0.0,0.0,0.0,0.0,0.0,0.0,0.0,0.0,0.0,0.0,0.0,0.0,0.0,0.0,0.0,0.0,0.0,0.0,0.0,0.0,0.0,0.0,0.0,0.0
hetNOE,17.72342561405309,16.287550239159184,1.0741444919185308,4.405473873270422,5.657788111290986,3.917936644173822,2.129810517167048,3.4996778187594604,3.0054319736293964,3.77923952195754,3.32917677831594,1.1247430976675377,1.7549422590273034,2.0656371116966272,1.4762034142848424,4.531443921455819,12.375876185628712,3.3553764587991557,3.0100268453990484,8.387910255619488,2.0777419926795884,4.031748709059653,1.8095648398447768,4.653016744503076,1.786911810859336,2.7815348339086006,7.495033514647135,7.4649304258609295,8.828355111679627,10.125736557705332,5.45048883865734,9.762170138696273,9.81544942843828,13.901662283213009,11.517759671078041,11.17228992693527,11.49385605793968,11.518004042948299,18.482421012123087,16.704912223004026,8.310631691106073
