,3ALA,4MET,5THR,7VAL,8ARG,12THR,14ASP,16LEU,17ASN,18LEU,19ARG,20GLY,22LEU,23ASP,24GLY,26ARG,27TRP,28ARG,29ARG,30ALA,31GLU,33ALA,34GLN,35SER,36ARG,37ARG,39GLY,40ARG,41SER,42ARG,44GLY,45GLY,46ALA,48LEU,49ARG,50TYR,52ARG,53THR,54GLY,55VAL,56GLY,57MET,58SER,59ARG,60THR,61GLY,63GLY,64SER,65ARG,67VAL,Averages
R1,1.4368954922617578,1.2201069771860205,1.2722089834664025,1.4055255834989007,0.2645654066646552,0.0,0.1889077548813891,0.0,0.0,0.0,0.0,0.555203149779532,0.0,0.0,0.7729450440666614,0.0,0.0,0.0,0.0,0.0,0.48972959070025057,0.0,0.0,0.0,0.0,0.0,0.0,0.0,0.0,0.0,0.0,0.24864502098056307,0.0,0.0,0.0,0.0,0.0,0.0,0.0,0.0,0.0,0.0,0.0,0.0,0.0,0.0,0.0,0.15468096321689084,1.2061298849687194,1.5363570131984736,0.08701040249104985
R2,0.0,0.0,0.0,0.0,0.0,0.0,0.0,0.0,0.0,0.0,0.0,0.0,0.0,0.0,0.0,0.0,0.0,0.0,0.0,0.0,0.0,0.0,0.0,0.0,0.0,0.0,0.0,0.0,0.0,0.0,0.0,0.0,0.0,0.0,0.0,0.0,0.0,0.0,0.0,0.0,0.0,0.0,0.0,0.0,0.0,0.0,0.0,0.0,0.0,0.0,0.0
hetNOE,4.6868324547121105,3.5827434961735145,4.658038930837599,4.006689213975228,2.0588161142401913,1.5881406956589283,1.869108246554951,0.6072110086448776,0.6418493120498128,1.291697512967307,0.4968987160517433,1.8370449262586117,1.4118128265061327,1.2316252508886638,1.8980791446007816,0.36697121096165874,0.0,0.15690824379732105,0.6265978318234569,1.0250159116147115,1.0611111249529879,1.452836158000974,1.3520538639830644,1.094028357206922,0.8674535316497443,0.8570436950910123,1.1400729057442462,0.6388835275093849,1.4603070357828818,1.3040884436405267,2.017852116785956,2.3993914805136236,2.0346465052469473,1.1905580926607362,1.2698830209693281,0.6576996988075832,0.9643105323222876,0.8661499123590952,0.8586403605118278,0.8738524435772856,1.5773270240198318,1.8591511211442304,1.7764081261935214,0.8097313949234652,1.5266359150268136,1.1193792626999763,1.9921794088660403,2.202884724423707,3.4867662931018204,7.019481797393867,1.9266200573394205
