,5GLN,6ALA,9VAL,10LYS,11VAL,12ASP,13GLY,14SER,15GLU,17LYS,19SER,24LYS,25ARG,28LYS,29ALA,30GLU,31LYS,33VAL,34ALA,35GLU,36LYS,41LYS,42GLU,45GLU,49SER,51ALA,52THR,53ALA,54ALA,56THR,59THR,60THR,61ASP,62ASN,63GLY,65GLY,67GLU,68GLU,70SER,72ASP,Averages
R1,1.3269449864518634,0.9970650066992601,0.0,1.4928576427140898,0.7174954266124933,1.054525726009762,2.06692583977581,1.7870440855750993,0.0,0.0,0.0,1.6982112270609466,1.1329731664334979,1.8779095580106904,1.3967890535625092,0.0,0.10532025936400413,0.27759133865926877,0.8727526460765576,0.0,0.9127440521790866,0.5470397681656998,4.016652177829484,2.19556730069679,1.6376678850689657,2.5732685907079667,1.6045411411783221,2.468699161790776,1.358202521973321,1.306520697020341,0.0,1.6029726592300446,0.0,0.2171161740015337,0.0,0.2850368121351974,0.5817490897681536,0.13097508629243437,0.01876871637323685,4.459468349231996,1.3040875966028511
R2,0.0,0.0,0.0,0.0,0.0,0.0,0.0,0.0,0.0,0.0,0.0,0.0,0.0,0.0,0.0,0.0,0.0,0.0,0.0,0.0,0.0,0.0,0.0,0.0,0.0,0.0,0.0,0.0,0.0,0.0,0.0,0.0,0.0,0.0,0.0,0.0,0.0,0.0,0.0,0.0,0.0
hetNOE,19.10793894177097,17.284608649673846,3.782931614894908,6.352615528005966,8.365061233578386,6.820892250813299,5.465102420198159,5.401244798526596,7.130494201060571,6.579333838149085,7.448961252082377,1.242793776753972,1.3714037295533577,2.6415148820798304,2.8623898779336585,6.043385005238327,13.33146558449244,4.1885959176430685,3.479752143842111,9.62083588940545,3.054303819425476,5.680895215590754,2.6136235332872966,5.946511006682423,1.3796538523774622,1.3878658487521398,5.808041086319303,6.3683647249476145,7.707998267817693,10.43752988835987,6.34708829265614,10.275878263882353,9.92923306454142,13.628024358927984,10.761286475865022,10.073535685833619,10.302490535652758,10.571526366648323,19.08702941279747,19.156434122842597,8.979674429102252
