,5GLN,6ALA,9VAL,10LYS,11VAL,12ASP,13GLY,14SER,15GLU,17LYS,19SER,24LYS,25ARG,28LYS,29ALA,30GLU,31LYS,33VAL,34ALA,35GLU,36LYS,41LYS,42GLU,45GLU,49SER,51ALA,52THR,53ALA,54ALA,56THR,59THR,60THR,61ASP,62ASN,63GLY,65GLY,67GLU,68GLU,70SER,72ASP,Averages
R1,3.094950684280483,2.6765542046530424,1.5347037996579953,2.1589018599164853,2.026302974387147,3.0080367569576136,3.903640041752122,4.2698054911911045,2.177980703580003,3.0495897237287624,3.3836307452549725,2.833717901646643,2.659217655071397,4.326245207112899,5.38993354139231,2.242072319894592,0.21543309542883438,2.2081136420453786,1.9860340747373293,1.1054886109780284,2.20517887194917,1.4066453640483654,3.7231244884778736,1.9016168651050833,1.139902200427561,1.7643722904940367,0.0,2.3349979805194745,1.0215207600735634,1.1302151506548364,0.059450267692122916,2.551339166462253,1.736451823802661,1.1160679078069982,1.0530915532984992,0.0,0.798147416389299,0.0,0.0,3.9676738070438065,2.321789826099065
R2,0.0,0.0,0.0,0.0,0.0,0.0,0.0,0.0,0.0,0.0,0.0,0.0,0.0,0.0,0.0,0.0,0.0,0.0,0.0,0.0,0.0,0.0,0.0,0.0,0.0,0.0,0.0,0.0,0.0,0.0,0.0,0.0,0.0,0.0,0.0,0.0,0.3433952305733936,0.021075870551125364,0.0,0.0,0.0
hetNOE,9.846891720665658,8.880564782876695,0.0,2.4486288694909693,2.978887145643698,2.1100416187791056,0.9042457717834698,0.0,1.9199168404799951,0.8373955068920989,3.2160046338305355,1.5804334310128474,1.4768659835356948,1.4834757485358407,0.0,2.6936172802105918,9.609678192175972,0.801481851598699,1.4614152010115773,7.220755865096544,1.4931814041915872,5.121683787618961,2.8540091147609465,6.021931350914499,3.0112954415350837,3.352249770986673,7.747364775093796,7.169702751257532,8.027403286485487,10.67163345512198,6.673848910032676,10.054391966550266,9.216941786884076,13.34907925135333,9.85813733358315,9.341435746351907,11.32192375328457,11.800356250653708,18.592457987786112,19.64413384561054,7.448460842059804
