,5GLN,6ALA,9VAL,10LYS,11VAL,12ASP,13GLY,14SER,15GLU,17LYS,19SER,24LYS,25ARG,28LYS,29ALA,30GLU,31LYS,33VAL,34ALA,35GLU,36LYS,41LYS,42GLU,45GLU,49SER,51ALA,52THR,53ALA,54ALA,56THR,59THR,60THR,61ASP,62ASN,63GLY,65GLY,67GLU,68GLU,70SER,72ASP,Averages
R1,0.09371889851039117,0.0,0.0,0.7738818138168577,0.6756728378142214,2.0639380779066694,4.5934872864016825,2.7900047434948894,2.2807923621205672,2.024256396568265,2.9593398302544864,3.4631735961457286,3.7125813559504985,5.049383847696958,4.657406245380698,2.4320812342883906,0.5369607354881243,2.8693107450856252,2.5471401527236184,1.4004686072666912,2.3582955002114083,1.7993399014138358,5.18976980836558,0.0052622448236743224,2.56311338485851,2.802607793320005,1.9144848476791974,3.194674582068112,1.5418521560671543,2.5128163109720445,0.0,3.6311865918262294,2.5058959127062486,2.941441385720802,2.7917063862948885,0.6617441433229629,0.0,0.0,0.0,1.8206510778391833,2.40284378551182
R2,0.0,0.0,0.0,0.0,0.0,0.0,0.0,0.0,0.0,0.0,0.0,0.0,0.0,0.19014083974153562,0.3635417570281503,0.12859930841921718,0.0,0.0,0.0,0.0,0.0,0.0,0.0,0.0,0.0,0.0,0.0,0.0,0.0,0.0,0.0,0.0,0.0,0.0,0.0,0.0,0.0,0.4969374276310323,1.0575304141532182,1.0649565982905282,0.0
hetNOE,23.920026463391842,21.669838424398126,5.981464372691201,8.74352317719091,8.02999753787899,5.703350745157855,2.009973533791758,3.9861338428459163,4.099651279242876,3.909359758025351,4.682577256848701,1.7501997132498222,1.8067977655297676,1.8132549338290302,1.6390361041254815,4.376328073194827,11.376479040022797,1.7561608794991392,1.7491972399807794,8.309668540476533,1.7355669985504831,4.665448845573151,1.375029132826103,3.235937525928273,1.5711013514832013,2.1369216880871886,5.421494253140751,5.391085802699856,7.653211097266212,9.07512375379854,4.367344744255306,8.437500395725582,6.778153439998761,10.318265945272925,7.332180434274568,6.146471260831505,9.826588286673505,10.535763389504487,19.395947334193657,19.677199811975736,8.610565705119145
