,3ALA,4MET,5THR,7VAL,8ARG,12THR,14ASP,16LEU,17ASN,18LEU,19ARG,20GLY,22LEU,23ASP,24GLY,26ARG,27TRP,28ARG,29ARG,30ALA,31GLU,33ALA,34GLN,35SER,36ARG,37ARG,39GLY,40ARG,41SER,42ARG,44GLY,45GLY,46ALA,48LEU,49ARG,50TYR,52ARG,53THR,54GLY,55VAL,56GLY,57MET,58SER,59ARG,60THR,61GLY,63GLY,64SER,65ARG,67VAL,Averages
R1,0.3031540883784456,0.08602505584394704,1.0487427127467712,1.824673045200237,1.0742953549550185,0.3970308604494577,0.059869383610367866,0.0,0.2841673831329652,0.4042758587919393,0.7704072769789125,1.2849151995074832,0.874692970329898,0.543048807248093,1.3215445191454145,1.0133954038726705,0.5662235681796897,0.6740961413257711,0.3733186962789159,0.29443642770481615,1.020591276103608,0.0,0.0,0.0,0.0,0.0,0.006001110838087742,0.0,0.4586113291137792,0.775170717042375,1.644129773839638,2.3287968431258523,2.4983841448919826,2.1761312627221954,0.9754907093519434,0.26384848939745176,0.0,0.0,0.0,0.025992241871393595,1.1749748041313257,0.6146909104780005,1.1937381268629026,0.0,0.4058357168145803,0.8092094311319986,1.485833328853683,0.9805028936043154,1.4196002950609197,2.9977696090454753,0.8325669829831264
R2,0.0,0.0,0.0,0.0,0.0,0.0,0.0,0.0,0.0,0.0,0.0,0.0,0.0,0.0,0.0,0.0,0.0,0.0,0.0,0.0,0.0,0.0,0.0,0.0,0.0,0.0,0.0,0.0,0.0,0.0,0.0,0.0,0.0,0.0,0.0,0.0,0.0,0.0,0.0,0.0,0.0,0.0,0.0,0.0,0.0,0.0,0.0,0.0,0.0,0.0,0.0
hetNOE,1.7179619609971684,1.1513107938946496,3.653822333313654,4.674035701450426,3.208678744493298,2.6114484697040186,2.2736576383877134,0.9714685508456764,1.677127854208659,2.4617660835584387,2.166207291287989,3.677616893566517,3.0247753614826154,2.5741955207827427,3.384986330743148,2.1239945643426084,1.7144829326974822,1.8872633169406647,2.2151891675387705,1.9616920399048685,2.0980225050378127,1.8990922289274046,1.66875425374699,1.230284136412838,1.126888731780201,1.0571677802940371,2.097297832605957,1.972553417350423,2.9637023836643874,2.71528770882701,3.9391609597287376,4.739503449714614,4.361109952374576,3.738444773996065,3.4020306960447124,2.2596398072853914,2.4133662386934116,2.4679730683042598,2.305348783855501,2.383368976565372,3.916406105505235,3.8113360676850094,4.447961756545672,3.689967838855858,3.3105778511206365,3.9970594823412693,4.566872143076667,4.107678941468962,4.738733661283881,9.780743239255877,3.183837756870954
