,3ALA,4MET,5THR,7VAL,8ARG,12THR,14ASP,16LEU,17ASN,18LEU,19ARG,20GLY,22LEU,23ASP,24GLY,26ARG,27TRP,28ARG,29ARG,30ALA,31GLU,33ALA,34GLN,35SER,36ARG,37ARG,39GLY,40ARG,41SER,42ARG,44GLY,45GLY,46ALA,48LEU,49ARG,50TYR,52ARG,53THR,54GLY,55VAL,56GLY,57MET,58SER,59ARG,60THR,61GLY,63GLY,64SER,65ARG,67VAL,Averages
R1,0.1692207315309684,0.0,0.0,0.6740313941486242,0.0,0.0,0.003423967301909858,0.0,0.0,0.0,0.7560911822363943,0.34073546400106514,0.0,0.0,1.1312749762631054,0.0,0.0,0.0,0.0,0.5412029277854777,0.8386178888055666,0.0,0.0,0.0,0.0,0.0,0.0,0.2335480788294595,0.0,0.0,0.0,0.0,0.0,0.0,0.0,0.0,0.0,0.0,0.0,0.25177114316159654,0.9606780385017781,0.2281996865387188,0.48655387658121296,0.0,0.0,0.7678957308290131,0.7316082578675194,0.0,0.6929100103473063,0.8810192109595658,0.03728940619535659
R2,0.0,0.0,0.0,0.0,0.0,0.0,0.0,0.0,0.0,0.0,0.0,0.0,0.0,0.0,0.0,0.0,0.0,0.0,0.0,0.0,0.0,0.0,0.0,0.0,0.0,0.0,0.0,0.0,0.0,0.0,0.0,0.0,0.0,0.0,0.0,0.0,0.0,0.0,0.0,0.0,0.0,0.0,0.0,0.0,0.0,0.0,0.0,0.0,0.0,0.0,0.0
hetNOE,2.5431562943603123,1.1068212828049728,2.147081821231217,3.221497414163328,1.4608836089901205,1.054557634470179,2.2698742052297356,1.0339236620950008,1.0759838161250093,2.0854536037101457,0.0,2.7087421209719484,1.7313125692291744,1.6448205054853662,2.814547338274891,0.9905637455430907,1.0638954179228866,1.2324589903411485,1.7914995739861728,2.147984454911794,2.3670875138914056,2.004955644059629,1.0238500579584682,0.7937982269278723,0.6138707155852372,0.2070289194631616,0.0,0.0,0.007127795163679673,0.0,0.16586689798165222,1.4313684176861527,0.9502697615911064,0.9512907150091123,1.5174080669570835,1.512384720412156,1.9866122305466423,2.197194378300486,2.796941632846437,2.491567345346705,3.8532673070714845,3.5766502549722947,3.9646704905677375,2.8569773259568385,2.942723594289841,3.81020176135228,3.26593523056329,2.7192391529662827,3.2917700836778145,6.618105085861224,2.1521546763611212
