,3ALA,4MET,5THR,7VAL,8ARG,12THR,14ASP,16LEU,17ASN,18LEU,19ARG,20GLY,22LEU,23ASP,24GLY,26ARG,27TRP,28ARG,29ARG,30ALA,31GLU,33ALA,34GLN,35SER,36ARG,37ARG,39GLY,40ARG,41SER,42ARG,44GLY,45GLY,46ALA,48LEU,49ARG,50TYR,52ARG,53THR,54GLY,55VAL,56GLY,57MET,58SER,59ARG,60THR,61GLY,63GLY,64SER,65ARG,67VAL,Averages
R1,2.4827617740776944,2.0684824982871284,1.4413240241492868,1.5633060489654031,0.7073041450920874,0.19652753763775577,0.4716972341602421,0.0,0.0,0.0,0.0,0.0,1.2358778767715712,0.0,0.0,0.0,0.0,0.0,0.0,0.33113343327628697,0.8602974463220012,0.5687506729639602,0.0,0.0,0.0,0.0,0.0,0.4391539584943387,0.0,0.0,0.0,0.0,0.0,0.0,0.0,0.0,0.0,0.2701760536211859,0.0,0.0,0.0,0.0,0.0,0.0,0.0,0.0,0.2632946931359894,0.0,0.13666562996054155,1.572170931765752,0.2290219969229672
R2,0.0,0.0,0.0,0.0,0.0,0.0,0.0,0.0,0.0,0.0,0.0,0.0,0.0,0.0,0.0,0.0,0.0,0.0,0.0,0.0,0.0,0.0,0.0,0.0,0.0,0.0,0.0,0.0,0.0,0.0,0.0,0.0,0.0,0.0,0.0,0.0,0.0,0.0,0.0,0.0,0.0,0.0,0.0,0.0,0.0,0.0,0.0,0.0,0.0,0.0,0.0
hetNOE,6.523513342101387,5.129612553602387,5.659823748503144,4.954092985388761,3.3693249242575236,1.8474051203189914,2.3770813355792915,0.7497875874328517,0.782411006067554,0.9296558490644571,0.16754269973211922,0.7076922339504752,0.0,0.671985286140169,1.7927868824863813,0.08173044732043966,0.0,0.3117014421244355,1.0939030081762802,1.5307235591087163,1.9607582231514993,2.631928026607488,1.7445702837138506,1.722452316354135,0.7655018026538327,0.7096736889266233,0.7152109318664781,0.22606989435256164,0.7363180311059161,0.03205389622298682,1.0004469852237392,1.8168927046965164,1.1230257707938458,1.2756596721336924,1.5647647713649473,0.8442485467437464,0.9169973954703756,1.027549400267655,1.4296660456607935,1.538042541530419,1.8937268929147009,1.7988683037885491,2.2468459117683977,1.9741566554980379,1.5024329225826225,1.7425151249345423,2.8318964224441343,1.7162431904245676,2.9556847859783337,7.497807913131707,2.20623511046896
