,5GLN,6ALA,9VAL,10LYS,11VAL,12ASP,13GLY,14SER,15GLU,17LYS,19SER,24LYS,25ARG,28LYS,29ALA,30GLU,31LYS,33VAL,34ALA,35GLU,36LYS,41LYS,42GLU,45GLU,49SER,51ALA,52THR,53ALA,54ALA,56THR,59THR,60THR,61ASP,62ASN,63GLY,65GLY,67GLU,68GLU,70SER,72ASP,Averages
R1,3.505706202283428,3.0831272608117892,1.7456222869525329,2.574184852630618,1.4156110452249808,2.6400050349266646,3.6164344781410014,4.418993158093164,1.8757691548204303,2.058684813374355,2.920686864405074,3.355268525378655,4.113720888755406,6.1006542823088825,6.322135396350721,3.9313639175355224,1.1835732402187613,3.6202165125923873,3.9942389694865126,3.1619924571028157,3.902503582497758,2.5292135560369107,5.6742007547974325,0.483568603390643,2.465059870370298,3.2409531336098816,1.7724155334980516,3.704907720475937,3.013438634906265,3.4815476938525407,0.0,3.858711303383507,3.083491360872081,3.6103246986220645,3.2698781406970134,1.1910234769896557,0.5816164469884049,0.8800754623603324,0.7396326621006122,0.0,3.112186318400237
R2,0.0,0.0,0.0,0.0,0.0,0.0,0.0,0.0,0.0,0.0,0.0,0.0,0.0,0.0,0.0,0.0,0.0,0.0,0.0,0.0,0.0,0.0,0.0,0.0,0.0,0.0,0.0,0.0,0.0,0.0,0.0,0.0,0.0,0.0,0.0,0.0,0.0,0.0,0.0,0.0,0.0
hetNOE,8.591093292581693,7.667235100164794,1.0884069953819009,1.887445856664744,3.0577358248765876,2.127147185555946,1.2106279022845157,0.0,0.765989741464578,1.072117795957864,2.1361050990947956,1.1503026531126888,2.399923729525548,4.111120404528806,4.410255805028346,1.2153835219550104,5.141804805822893,2.266507825144355,2.197227810893337,2.072941838589023,1.5651432494462028,1.4650629466244638,0.0,2.750740858332389,0.0,0.0,3.4754087924982855,2.7303993987272133,3.6646207601299112,5.163616678125898,0.21236490967142285,4.995223454650856,3.1145236385126935,6.4574089300455215,2.537370261125089,1.9682583226567636,2.614712062231449,2.582251579014849,9.055102498393614,5.303990709308507,3.448477497026534
