,5GLN,6ALA,9VAL,10LYS,11VAL,12ASP,13GLY,14SER,15GLU,17LYS,19SER,24LYS,25ARG,28LYS,29ALA,30GLU,31LYS,33VAL,34ALA,35GLU,36LYS,41LYS,42GLU,45GLU,49SER,51ALA,52THR,53ALA,54ALA,56THR,59THR,60THR,61ASP,62ASN,63GLY,65GLY,67GLU,68GLU,70SER,72ASP,Averages
R1,1.8426776950383341,1.593290834434847,0.7583818126724406,1.6737629372690814,0.8857129840632136,2.1152823099612896,4.299143146853089,3.6380072965210273,1.7304793803946992,2.525897423562103,2.571024435444639,3.7259080717058843,2.859036101829885,5.314697352403201,5.006109419477543,2.35020283890785,0.0,1.885457578261895,2.141364019138324,1.6936264589824308,1.98905093148496,1.6795991096686267,4.670704585676533,0.0,2.077239027058519,2.2298150423793275,0.7007937206546389,2.4314863734084287,1.4835667891998723,2.0865119073399603,0.0,3.394391841462289,1.8705248791758065,2.6483211727833744,1.8694986045071382,0.0,0.0,0.0,0.0,2.688073964926865,2.290181783351824
R2,0.0,0.0,0.0,0.0,0.0,0.0,0.0,0.0,0.0,0.0,0.0,0.0,0.0,0.0,0.0,0.0,0.0,0.0,0.0,0.0,0.0,0.0,0.0,0.0,0.0,0.0,0.0,0.0,0.0,0.0,0.0,0.0,0.0,0.0,0.0,0.0,0.0,0.26412366447170554,0.005663898354042685,0.3923508497804671,0.0
hetNOE,16.7755669053399,15.369457465783459,2.6284380994110648,6.069628817491059,7.343882307492489,5.082106800005554,1.8958630221662909,2.665802033725681,3.8518173210684834,3.818128442627293,5.1895572503391545,2.0575674676240903,2.641631775845529,0.9535638753677111,1.0436700657571407,4.283936824430395,12.461112762428353,2.5407477073438347,2.6501737492546926,8.618318729164523,2.536032923934876,6.189215482870616,3.3289167423135373,4.574310146482149,2.781129430238782,3.30169723838143,6.849870120350919,6.609288078082275,7.4580148138792755,8.817592699013835,4.533877830426485,8.642482104236429,7.545371651888285,10.110471961419481,7.9148873516094245,8.147188866869838,10.995758774801173,11.85122003900842,19.34272245647628,19.615446999445332,8.060918886484073
