,5GLN,6ALA,9VAL,10LYS,11VAL,12ASP,13GLY,14SER,15GLU,17LYS,19SER,24LYS,25ARG,28LYS,29ALA,30GLU,31LYS,33VAL,34ALA,35GLU,36LYS,41LYS,42GLU,45GLU,49SER,51ALA,52THR,53ALA,54ALA,56THR,59THR,60THR,61ASP,62ASN,63GLY,65GLY,67GLU,68GLU,70SER,72ASP,Averages
R1,3.096836652019631,2.223976311882219,0.9464486627041255,2.299401263522047,1.7008191406488051,3.0212522646172006,4.200569887844539,4.098734526699419,2.161102427773863,2.8772371510626096,3.528639812319984,4.008285458074416,4.074187562411517,5.380188261764099,5.478726527812541,3.4964901938426163,1.2389262820092708,2.4354839066412457,3.043235054234489,2.710269679688362,3.5628652263121863,1.7925758200695157,5.111862149168887,0.5211171095035867,2.332995240688182,3.112963356319143,1.8477267492679772,3.4097214609423228,2.8236338439627695,3.5870736208263594,0.0,4.498599588157288,3.429833461231792,3.3542825059392456,2.9990545100270793,1.4910553652062322,0.753549053821879,1.1246379823160417,0.7562019270912967,0.1039240116044784,2.962085783860569
R2,0.0,0.0,0.0,0.0,0.0,0.0,0.0,0.0,0.0,0.0,0.0,0.0,0.0,0.0,0.0,0.0,0.0,0.0,0.0,0.0,0.0,0.0,0.0,0.0,0.0,0.0,0.0,0.0,0.0,0.0,0.0,0.0,0.0,0.0,0.0,0.0,0.0,0.0,0.0,0.0,0.0
hetNOE,10.708440016730632,10.148411363164172,0.0,2.600968333980795,3.422670023842164,1.243251759243495,0.0,0.0,0.25650587358280763,0.0,0.9581249379870569,1.681614572065015,1.8054827961644326,2.1915782309732488,2.7386253964712446,0.44587484952690515,6.045649338905512,0.11671748758949763,0.25550025074617544,3.165706944420979,1.3170409840565513,2.190463950834002,0.0,3.4935321759114837,0.038959281392762835,0.10560256310260363,4.4242024960318975,3.2471380927509994,4.248267748486977,5.50518199568167,0.17106480941110092,3.3500250215863216,2.2351074182464976,6.5699508914710245,2.987790626963857,1.1188162847042555,1.8080689085118182,1.763954989985776,9.2872051773803,6.835131544916358,3.6487728793320295
