,3ALA,4MET,5THR,7VAL,8ARG,12THR,14ASP,16LEU,17ASN,18LEU,19ARG,20GLY,22LEU,23ASP,24GLY,26ARG,27TRP,28ARG,29ARG,30ALA,31GLU,33ALA,34GLN,35SER,36ARG,37ARG,39GLY,40ARG,41SER,42ARG,44GLY,45GLY,46ALA,48LEU,49ARG,50TYR,52ARG,53THR,54GLY,55VAL,56GLY,57MET,58SER,59ARG,60THR,61GLY,63GLY,64SER,65ARG,67VAL,Averages
R1,0.0,0.0,0.0,0.0,0.78145040828783,0.43926302938255857,0.0714214885322908,0.1637180907626543,0.723242439924999,0.0,0.0,0.30084414614370925,0.03430465293472307,0.9805424965570511,0.26843957992889655,0.7827417624527577,1.757120120583032,1.2198416891749693,0.7907767160085366,0.3871165937408805,0.04122159880774001,0.3001644466061939,0.17745384560873356,0.5865076773293372,1.1018694452600988,1.1549122547155513,1.3324047741533391,2.60875002937915,1.0949854976463573,0.711349823096928,1.2751865765322918,2.068693960477378,0.8066925867485362,0.0,0.0,0.5300493398905393,0.5932460872238665,0.9444260865777243,0.40096109375297884,0.5615454326816782,0.0,0.6359969991529186,0.0,1.742211730442131,0.09827752187155903,0.6284590065203084,0.0,0.0,0.0,1.211429022287057,0.6572784510643104
R2,0.0,0.0,0.0,0.0,0.0,0.0,0.0,0.0,0.0,0.0,0.0,0.0,0.0,0.0,0.0,0.0,0.0,0.0,0.0,0.0,0.0,0.0,0.0,0.0,0.0,0.0,0.0,0.0,0.0,0.0,0.0,0.0,0.0,0.0,0.0,0.0,0.0,0.0,0.0,0.0,0.0,0.0,0.0,0.0,0.0,0.0,0.0,0.0,0.0,0.0,0.0
hetNOE,3.9317120422005223,4.253837384734497,1.456682115063468,0.12920144229355746,1.3749075756837814,0.0,0.0,0.0,0.0,0.0,0.0,0.0,0.0,0.10325352609701488,0.0,0.572170341412175,0.8841156535419616,0.1208229134535519,0.0,0.0,0.0,0.0,0.0,0.0,0.0,0.6608454131544308,0.7469570879487111,1.3194968489452248,1.253126740374816,1.3731102839126574,2.325122210879857,3.946837718620124,0.7263707618186765,0.0,0.0,0.0,0.0,0.0,0.0,0.25780212038947226,0.0,0.0,0.0,0.3347060139456286,0.0,0.25590099856190407,0.0,0.0,1.1173109956593406,4.998085248160063,0.9329955348138406
