,5GLN,6ALA,9VAL,10LYS,11VAL,12ASP,13GLY,14SER,15GLU,17LYS,19SER,24LYS,25ARG,28LYS,29ALA,30GLU,31LYS,33VAL,34ALA,35GLU,36LYS,41LYS,42GLU,45GLU,49SER,51ALA,52THR,53ALA,54ALA,56THR,59THR,60THR,61ASP,62ASN,63GLY,65GLY,67GLU,68GLU,70SER,72ASP,Averages
R1,1.3663104131547081,0.451015566966565,0.09349095766640358,0.20435240354048734,0.0,0.45183548615760816,2.6780809907650944,2.3991831984500176,0.3534395908500856,2.036907683393961,3.2332422795415034,4.358960955805081,3.377518684795807,5.281014866318912,5.12916693877978,1.7817398576934598,0.2987627731860476,2.7499043533558116,2.699661682218462,1.342941434128925,2.8782714345126013,0.49120469419652046,3.754321347449899,0.9428623878824578,3.0390476026653976,3.663544112198041,2.6454832379301005,3.3211108094050363,2.593494696317412,2.3639415809157316,0.0,2.689093729058531,1.7095249272576782,2.2141482648174033,1.8510950917404854,0.0,0.0,0.0,0.10712729151667544,2.4437660442683335,2.2605755817162305
R2,0.0,0.0,0.0,0.0,0.0,0.0,0.0,0.0,0.0,0.0,0.0,0.0,0.0,0.0,0.0,0.0,0.0,0.0,0.0,0.0,0.0,0.0,0.0,0.0,0.0,0.0,0.0,0.0,0.0,0.0,0.0,0.0,0.0,0.0,0.0,0.0,0.0,0.0,0.0,0.0,0.0
hetNOE,18.12391805919966,17.0893436040965,3.422843561202628,7.881889582417772,8.454125996329518,6.512886758757183,4.848504275645374,3.9245330612808154,4.851362764308323,3.097464029731671,3.8416172224031673,0.0,0.8373614969084122,0.33819667352536165,0.5731821630975686,4.074740663777712,11.259169463475962,2.447059235817095,2.640133625232503,9.085967887006792,2.53186599712678,6.735956165432498,3.2969597148713135,5.251156831349991,0.41629254457848575,0.35195994190096,3.0177105902881456,3.5197480083094783,4.550687180834815,7.8796179107493245,5.305032145938192,8.42762565444703,7.581968725997262,10.963277325043427,7.726832920023945,6.989826080421943,9.049246993521692,9.488247996945494,17.188202464503227,17.672374416180702,7.713115447184213
