,5GLN,6ALA,9VAL,10LYS,11VAL,12ASP,13GLY,14SER,15GLU,17LYS,19SER,24LYS,25ARG,28LYS,29ALA,30GLU,31LYS,33VAL,34ALA,35GLU,36LYS,41LYS,42GLU,45GLU,49SER,51ALA,52THR,53ALA,54ALA,56THR,59THR,60THR,61ASP,62ASN,63GLY,65GLY,67GLU,68GLU,70SER,72ASP,Averages
R1,1.9353357865347949,1.168264130394741,0.6670529476961151,0.7327672121024165,1.6816866832312845,1.7404743681494237,3.4808523381147243,3.414799672569605,1.1593087673621745,2.1057943220709454,3.6374052089883246,3.954280676119719,3.408930200999337,4.423872125160657,4.311303231412394,2.34966677445084,0.37659029292113044,3.565568838610922,2.539302716740335,1.3296090131023974,2.961029239757658,1.4633787080415934,3.850972168469278,1.1359086201795017,2.0994178145812143,2.9951510533860173,0.7520781926800104,1.9040967150635706,1.5206469960707412,1.8078958912393635,0.0,2.8137458046375214,1.9996282495172721,2.212019573433008,0.984807850706521,0.0,0.0,0.6220662289899046,0.0,1.9526219448362854,2.2155643370146
R2,0.0,0.0,0.0,0.0,0.0,0.0,0.0,0.0,0.0,0.0,0.0,0.0,0.0,0.0,0.0,0.39464454504664115,0.27716773169079967,0.0,0.0,0.0,0.0,0.0,0.0,0.0,0.0,0.0,0.0,0.0,0.0,0.0,0.0,0.0,0.15117805022870145,0.0,0.0,0.17829172152183803,0.2300462561009715,0.08105868331844812,0.36242272091888306,0.0,0.0
hetNOE,14.649101648443278,14.261500085284043,1.3593678653024779,5.816266900106776,4.635358433346174,3.622385891840584,1.8225843004460618,1.0530872981240686,2.308266242452778,1.3963258670015097,2.497253501103502,0.0,1.0695147615217873,3.00587187142027,2.977672682100901,5.441825899040272,12.538046441935364,1.740265835056769,1.8922817504816187,7.828283161895868,1.0019220091064032,5.525025984068493,2.4220354444832513,5.269118924220671,1.1518945017213218,1.8806669396338433,6.559596659053175,6.638810489969688,7.5243390298517845,9.85150559048666,7.360880237425382,11.330958604671052,9.936967003137372,13.447451034526164,11.215288314830172,11.275482040192447,11.95762951956725,10.542676451280062,19.60158005689547,16.113349128063525,8.03446006388559
