,3ALA,4MET,5THR,7VAL,8ARG,12THR,14ASP,16LEU,17ASN,18LEU,19ARG,20GLY,22LEU,23ASP,24GLY,26ARG,27TRP,28ARG,29ARG,30ALA,31GLU,33ALA,34GLN,35SER,36ARG,37ARG,39GLY,40ARG,41SER,42ARG,44GLY,45GLY,46ALA,48LEU,49ARG,50TYR,52ARG,53THR,54GLY,55VAL,56GLY,57MET,58SER,59ARG,60THR,61GLY,63GLY,64SER,65ARG,67VAL,Averages
R1,0.9126539018792232,0.13589977220663263,0.5791513126963241,0.9386174340081077,0.0,0.0,0.8979793127195606,0.6046016092944797,0.6358161128917144,0.0,0.0,0.0,0.0,0.0,0.0,0.0,0.0,0.6816508582208081,0.9213277491500147,0.0,0.0,0.0,0.0,0.588373543726233,0.0,1.4345341400819467,0.46098094554192937,0.0,0.3519241684678749,0.4169242071960897,0.0,0.6865740786627024,0.17135126023680947,0.1511448419201955,0.0,0.0,0.0,1.601876382006928e-05,0.0,0.0704935903406303,0.0,0.0,0.0,0.01219056763820614,0.0,0.0,0.9597033470592151,0.2239564060754795,0.9516612240209508,2.296869741676086,0.24414759993143864
R2,0.0,0.0,0.0,0.0,0.0,0.0,0.0,0.0,0.0,0.0,0.0,0.0,0.0,0.0,0.0,0.0,0.0,0.0,0.0,0.0,0.0,0.0,0.0,0.0,0.0,0.0,0.0,0.0,0.0,0.0,0.0,0.0,0.0,0.0,0.0,0.0,0.0,0.0,0.0,0.0,0.0,0.0,0.0,0.0,0.0,0.0,0.0,0.0,0.0,0.0,0.0
hetNOE,3.8025947193545155,2.0404919908972503,3.454424111963065,4.263791534652946,2.7041561260851883,2.029700437454777,2.8108069874825268,1.4277781845287039,1.4990343943991737,1.6403075351923637,0.6596791435436942,1.5142227780497692,0.0,0.0,0.8358435298350144,0.0,0.0,0.0,0.0,0.0,0.6631362262366378,1.7198988789592202,1.5197183963310765,0.9846160596166889,2.558380191146937,3.035923278737969,2.785253990784932,2.4816883828834633,3.061205579271875,2.472077221657493,2.014069705776704,2.9185679496392467,2.3005400082329817,1.6355268086785868,1.219132101762125,0.0,0.4275235624225835,0.2690989886735604,0.09132059725015096,0.0,1.6215177226184747,1.4212786186744308,1.0939752978699713,0.7134474233405608,0.5796710989028309,1.0806929506469474,2.940571485822133,2.420556940123632,3.762437289781186,8.871993346399114,2.109755541932454
