,3ALA,4MET,5THR,7VAL,8ARG,12THR,14ASP,16LEU,17ASN,18LEU,19ARG,20GLY,22LEU,23ASP,24GLY,26ARG,27TRP,28ARG,29ARG,30ALA,31GLU,33ALA,34GLN,35SER,36ARG,37ARG,39GLY,40ARG,41SER,42ARG,44GLY,45GLY,46ALA,48LEU,49ARG,50TYR,52ARG,53THR,54GLY,55VAL,56GLY,57MET,58SER,59ARG,60THR,61GLY,63GLY,64SER,65ARG,67VAL,Averages
R1,0.7067210787342548,0.0,0.36694472654340293,0.0,0.0,0.22683374632520792,0.0,0.0,0.21331336476848684,0.0,0.7370756709681838,0.5183667315551479,0.19527265536416571,0.0,0.9009885218506082,1.5000618341773055,1.4873382186530124,1.6519844224132463,1.183404022607057,0.661253973347596,0.24292772281278596,0.5486022892366411,0.2776890286664906,1.1020148808417836,1.4413475102861812,0.8935355267411822,1.2907957173470779,1.7208439034702088,0.8389834223122545,0.574084422421286,0.2984932558055686,1.6461145739818157,0.3091841246235796,0.0,0.0,0.0,0.0,0.0,0.10131595445210029,1.7174509504810525,0.0,0.0,0.0,0.0,0.0,0.0,0.0,0.0,0.0,0.5230380733072517,0.4862797588989445
R2,0.0,0.0,0.0,0.0,0.0,0.0,0.0,0.0,0.0,0.0,0.0,0.0,0.0,0.0,0.0,0.0,0.0,0.0,0.0,0.0,0.0,0.0,0.0,0.0,0.0,0.0,0.0,0.0,0.0,0.0,0.0,0.0,0.0,0.0,0.0,0.0,0.0,0.0,0.0,0.0,0.0,0.0,0.0,0.0,0.0,0.0,0.0,0.0,0.0,0.0,0.0
hetNOE,0.0,0.0,1.3825858916694385,0.896581400597795,0.18410455549215654,0.0,1.28751330866484,0.0,0.0,0.6429459932235895,0.0,0.17448462430143952,0.0,0.0,0.0,0.0,0.0,0.0,0.0,0.0,0.0,0.0,0.0,0.6888564179601233,0.8306599663776102,1.1861590438361946,1.273397038126837,0.484339909768686,0.4439621694048048,0.8559779197209407,0.18655073477157535,1.9670958343093332,0.0,0.0,0.7603671789339574,0.06615668141770814,0.9058140037143689,0.795866562438414,0.28395428951062973,0.0,1.4590697189312603,1.6525434726730306,2.4228116637243153,2.1356619985032395,1.4595162498561263,0.8201480057635699,0.0,0.0,0.0703001742759033,3.5739735890338684,0.6762685390124845
