,3ALA,4MET,5THR,7VAL,8ARG,12THR,14ASP,16LEU,17ASN,18LEU,19ARG,20GLY,22LEU,23ASP,24GLY,26ARG,27TRP,28ARG,29ARG,30ALA,31GLU,33ALA,34GLN,35SER,36ARG,37ARG,39GLY,40ARG,41SER,42ARG,44GLY,45GLY,46ALA,48LEU,49ARG,50TYR,52ARG,53THR,54GLY,55VAL,56GLY,57MET,58SER,59ARG,60THR,61GLY,63GLY,64SER,65ARG,67VAL,Averages
R1,0.0,0.9756301764170439,0.4114148412913634,0.0,0.9758606634733895,1.2226945464243149,1.1441699850867253,0.0488861597929513,0.40882885055685736,0.03998683347634868,0.0,0.0,0.2338391497485428,0.5430365608945249,0.37706424816503126,1.30321827397163,1.9228111554916545,1.2851753379680249,0.4531632982695577,0.862598925973042,0.0,0.0,0.06968954061038568,0.2812232349196422,1.5717182808702215,0.464032217361507,1.3952010528385235,3.1574332064465063,1.5285168781003042,1.490926205760792,1.7196076721196767,3.192479877897709,2.386547402374499,1.279987721364908,1.8085197818336383,1.7766446162611467,2.0854880824663726,2.182222151170566,2.2429157167331093,2.2122515224405324,1.9330311144600314,2.989749467864128,1.733608441257028,3.1142291043757,2.103988563234037,1.9824570583182552,1.8672131798557543,2.220235000913301,0.9729726628643549,0.0,1.418602641236038
R2,0.0,0.0,0.0,0.0,0.0,0.0,0.0,0.0,0.0,0.0,0.0,0.0,0.0,0.0,0.0,0.0,0.0,0.0,0.0,0.0,0.0,0.0,0.0,0.0,0.0,0.0,0.0,0.0,0.0,0.0,0.0,0.0,0.0,0.0,0.0,0.0,0.0,0.0,0.0,0.0,0.0,0.0,0.0,0.0,0.0,0.0,0.0,0.0,0.0,0.0,0.0
hetNOE,8.11178504426938,8.56025270294989,3.6707057090408393,2.3434686487468017,2.138011327231088,1.4798563528267783,1.0672854946967956,0.0,0.007560816845388008,0.0,0.0,0.0,0.0,0.25478161163661883,0.5822086855144273,1.1364968649746987,1.6714781536858094,0.5192285128515404,0.4275741785117506,0.5093736229627741,0.16684179901568874,0.0,0.0,0.0,0.7576228420601203,0.8076787645206298,1.7083205253784897,2.9070050722785754,3.345192731406091,3.775868195157419,4.285132401780495,8.889951978383023,4.768664568863429,4.840778758813123,3.4984727244649765,3.3197961687906776,3.477967049705936,3.559918501478795,3.795927752575082,5.221472861860797,4.84533656152592,5.043431458598231,4.476045068008279,5.592195911983826,5.500287254836353,5.956170431996372,7.643230199097365,7.075267858028081,6.467933064836378,3.2122622356632444,3.7073461911953833
