,5GLN,6ALA,9VAL,10LYS,11VAL,12ASP,13GLY,14SER,15GLU,17LYS,19SER,24LYS,25ARG,28LYS,29ALA,30GLU,31LYS,33VAL,34ALA,35GLU,36LYS,41LYS,42GLU,45GLU,49SER,51ALA,52THR,53ALA,54ALA,56THR,59THR,60THR,61ASP,62ASN,63GLY,65GLY,67GLU,68GLU,70SER,72ASP,Averages
R1,0.48707494879119184,0.37755249175318917,0.3247734686912884,1.8537910823267487,1.4926336707837455,2.1309857256056435,2.8350311296498565,3.094774931359641,1.6087198540191876,2.947431165451775,3.134038518699671,1.164736711213242,1.6824924288985827,3.252052380337812,2.8979503897874808,0.9164221250025755,0.0,2.344330997224427,1.5778884885484619,0.3529366454153049,1.3675201089752704,0.029492385977798907,3.668307571814913,1.2802954867544827,1.5658523759480905,1.9811263328484716,0.19471669249211243,1.847863874017309,0.7018616711851096,1.4614196306511986,0.4515251467902237,1.8636222729009764,0.7012561755648334,0.0,0.0,0.7792040406573624,0.22093067637571373,1.020094898638145,1.204337868420974,4.406340381668301,1.709326572700323
R2,0.0,0.0,0.0,0.0,0.0,0.0,0.0,0.0,0.0,0.0,0.0,0.0,0.0,0.0,0.0,0.0,0.0,0.0,0.0,0.0,0.0,0.0,0.0,0.0,0.0,0.0,0.0,0.0,0.0,0.0,0.0,0.0,0.0,0.0,0.0,0.0,0.0,0.0,0.0,0.0,0.0
hetNOE,20.717394986404525,18.139294557061483,2.3246113491196243,4.702168968661022,6.063008702085217,4.247688954231243,2.912644921564571,2.1027737806596765,2.0095612620036354,1.1687795042886604,3.6273906232380213,2.1314073879983484,1.7679101240752226,1.3790426762812866,1.6332168497756867,4.038288343197448,11.339696681159769,2.9476238011715585,3.2646799017061205,9.677959503076377,3.4549487800162284,7.398038835544847,3.8479216412843007,5.669501215096549,2.4616201025498703,3.9449601981159947,8.186078112763226,8.066116196657504,9.309318267368507,10.977699586629234,7.472690280796295,10.964830787629962,10.85561718612765,14.568190733070674,12.2755001442249,10.732681563673433,11.451038372865323,11.946762952669356,20.16442569782538,20.149387918047502,9.143127732101261
