,5GLN,6ALA,9VAL,10LYS,11VAL,12ASP,13GLY,14SER,15GLU,17LYS,19SER,24LYS,25ARG,28LYS,29ALA,30GLU,31LYS,33VAL,34ALA,35GLU,36LYS,41LYS,42GLU,45GLU,49SER,51ALA,52THR,53ALA,54ALA,56THR,59THR,60THR,61ASP,62ASN,63GLY,65GLY,67GLU,68GLU,70SER,72ASP,Averages
R1,2.9678239182476003,2.0714365827773134,1.6332437796011776,1.9882607857938233,2.0021210230233497,2.6436105035377815,3.546047562537045,4.390499776798532,2.25263373121357,2.1688282268286856,2.5859349447852864,2.5524113725822377,2.3577601497911647,3.945527315494008,3.2901729520350687,1.4499605789637195,0.0,1.8215725706959,2.0345301065457297,1.418574263399087,1.5489855441075049,0.31293707532929016,3.869102503607378,1.0571855650307898,1.9862816986217648,1.9921984235859442,0.6586405810978453,2.533907450327156,1.5368315219202402,1.5234957139650565,0.18530228309502084,1.8611096639068334,0.7710152223693185,1.063826988092473,1.2945122441279011,0.0,0.0,0.0,0.0,3.438538403431961,2.03639455879533
R2,0.0,0.0,0.0,0.0,0.0,0.0,0.0,0.0,0.0,0.0,0.0,0.0,0.0,0.0,0.0,0.0,0.0,0.0,0.0,0.0,0.0,0.0,0.0,0.0,0.0,0.0,0.0,0.0,0.0,0.0,0.0,0.0,0.0,0.0,0.0,0.0,0.0,0.0,0.0,0.0,0.0
hetNOE,10.750197613981625,10.025880718141824,0.0,2.31860685996327,2.8178607392834905,1.9465148425697794,1.261633420958661,0.0,2.2306044888624257,1.4723171115593523,3.3926415800882275,0.9389294560881223,0.6362840366394553,1.2643427576385777,0.9990821005873918,3.8287917833749434,11.231433895651946,1.7951344290505946,2.30275812462658,8.59788184246957,2.6512412137849917,7.035434685462851,3.6266040051851505,6.284127352988891,1.7554278144086974,2.3723845781426354,5.939896980122759,5.45110256106999,6.925685394053872,9.72383668190735,6.41162361654031,10.31220127308666,8.644818744572946,11.987517448782295,8.115636228414896,8.180839979359163,9.033108617304428,9.864248243567122,17.736855579868536,17.44335752217479,7.05678746556864
