,5GLN,6ALA,9VAL,10LYS,11VAL,12ASP,13GLY,14SER,15GLU,17LYS,19SER,24LYS,25ARG,28LYS,29ALA,30GLU,31LYS,33VAL,34ALA,35GLU,36LYS,41LYS,42GLU,45GLU,49SER,51ALA,52THR,53ALA,54ALA,56THR,59THR,60THR,61ASP,62ASN,63GLY,65GLY,67GLU,68GLU,70SER,72ASP,Averages
R1,2.5650391611122925,1.5010780791667617,1.119603418660497,1.9368786340881088,2.1575085419437223,2.5487185805952954,4.58158431675663,4.444576085769688,2.525808552307085,3.1105203461625957,2.3409117242504025,1.6103693839147901,2.5808632740272377,4.570411613326482,4.521649266953142,1.6881954932219592,0.0,2.5232914378091706,2.113256798860675,0.6617235598750786,1.820043227050295,2.2864073134356784,5.278796712299625,1.1929750585739676,2.686392580553488,3.1240887405323567,1.460907266780627,2.8264539767671564,1.0498628485601604,1.1732979342472833,0.26017878399393224,2.8850321812706214,1.4449973339766728,1.9011747269136223,1.9714604159630738,0.0,0.0,0.0,0.04416445762706389,0.8081665240472353,2.310143433570115
R2,0.0,0.0,0.0,0.0,0.0,0.0,0.0,0.0,0.0,0.0,0.024618702776883383,0.0,0.5325748711135436,0.0,0.0,0.0,0.019832263329049082,0.0,0.0,0.0,0.0,0.0,0.0,0.0,0.0,0.0,0.0,0.0,0.0,0.0,0.08139119401578454,0.0,0.036743414996912804,0.0,0.0,0.0,0.05248301264231814,0.0,0.0,0.0,0.0
hetNOE,12.073177433555134,12.847314017798764,0.0,2.7714722706577195,3.093644058012001,2.2021854816613557,0.0,0.19417851214922321,1.4062347888413576,1.5568454507914606,7.565576123904242,3.534788278514837,3.1544979534187183,1.21098712164981,1.5318653362007946,4.506458407395516,11.618125344680337,2.2760819353440698,2.489150324341602,9.197196425051796,2.3348317557099865,4.4865645800325975,1.6403068927200968,5.764654761513942,1.6050983635357658,1.9780798707385112,6.738002339557918,7.092728781425308,9.260975171230648,12.153381673102029,8.71577684122469,11.77932665779375,10.628703437161189,13.899230050849223,10.060172965645144,10.002153630568793,10.139328529178618,9.788655915282929,15.351820083575365,11.580013831404086,7.507676260299547
