,5GLN,6ALA,9VAL,10LYS,11VAL,12ASP,13GLY,14SER,15GLU,17LYS,19SER,24LYS,25ARG,28LYS,29ALA,30GLU,31LYS,33VAL,34ALA,35GLU,36LYS,41LYS,42GLU,45GLU,49SER,51ALA,52THR,53ALA,54ALA,56THR,59THR,60THR,61ASP,62ASN,63GLY,65GLY,67GLU,68GLU,70SER,72ASP,Averages
R1,2.8713620183174333,1.7048642405827459,0.6376860711491716,1.5323366679342443,1.2732278959902867,2.308866687687737,3.6327768273229646,3.5664760831091638,1.4922959067427461,3.950657800665735,3.5856660544726306,3.423198951386917,1.8621406794356528,4.007886970156514,4.230628552990015,1.7435867407327854,0.0,1.523071601166344,1.4443985554120666,1.4512176424272933,2.2442074910834298,0.5526285178187598,3.943287096783064,0.5308924077782406,1.19171592194621,2.1245810163516663,1.51508309134447,2.797029400207085,1.5666698069539078,2.0930527514843167,0.0,2.705446557388481,1.5636947767466687,1.849431694222515,1.3227297813022179,0.0,0.5142501470200194,0.0,0.0,2.957038404501323,2.129893143036087
R2,0.0,0.0,0.0,0.0,0.0,0.0,0.0,0.0,0.0,0.0,0.0,0.0,0.0,0.0,0.0,0.0,0.0,0.0,0.0,0.0,0.0,0.0,0.0,0.0,0.0,0.0,0.0,0.0,0.0,0.0,0.0,0.0,0.0,0.0,0.0,0.0,0.13028798383886597,0.0,0.0,0.0,0.0
hetNOE,13.492311826242744,13.864678804194488,2.346968878044119,5.584381104819959,6.264219344351007,4.661923944619228,2.5599891413609166,2.70188677717547,3.3210810917771916,1.1834863735387922,3.2959708458120094,2.2136548850411204,2.4816369395705364,2.899084341448573,2.24147215650356,5.734701514417953,13.475489935906717,4.755120981173607,4.7303839793434745,10.586355587182636,3.730268513475278,7.9898744866409075,5.101811632157439,7.154354033317334,4.657797941335869,4.818807653762492,7.862045353823904,7.2515984991464855,8.627214560082388,9.954243968149495,6.383720111321043,10.282336332565084,9.574999077378152,13.291937498599848,10.525861357296456,11.016466151795088,12.30849466160488,12.208323050408803,19.12783609189097,18.35235323053484,8.592119734829737
