,3ALA,4MET,5THR,7VAL,8ARG,12THR,14ASP,16LEU,17ASN,18LEU,19ARG,20GLY,22LEU,23ASP,24GLY,26ARG,27TRP,28ARG,29ARG,30ALA,31GLU,33ALA,34GLN,35SER,36ARG,37ARG,39GLY,40ARG,41SER,42ARG,44GLY,45GLY,46ALA,48LEU,49ARG,50TYR,52ARG,53THR,54GLY,55VAL,56GLY,57MET,58SER,59ARG,60THR,61GLY,63GLY,64SER,65ARG,67VAL,Averages
R1,0.0,0.0,0.0,0.0,0.4462248988441606,1.1024440790295258,1.0099173586502892,1.1838795368893043,0.6711230976657623,0.821032367025482,1.2912252409863547,0.6670772250360351,0.6149880108853087,1.6815789019202159,0.8371535209003722,1.9203873373566238,1.4744277433242035,1.8256798541967587,1.4025091939664662,0.7543752088047617,0.642002316306711,0.6054950738902656,0.11408966149479438,0.8574463311782807,1.9880505279957386,1.1672172646665744,1.8999277194835749,2.12526933245707,0.9001644722105182,0.6935391709933783,0.6196194261274031,1.4707742069708805,1.0378956270677233,0.8481306631134786,0.47181281354270443,0.10183203622609271,0.0,0.0,0.4366567167377202,0.0,0.0,0.0,0.0,0.7546917674842388,0.0,0.0,0.0,0.0,0.9164576387379835,3.2632002476182373,0.8626763083869535
R2,0.0,0.0,0.0,0.0,0.0,0.0,0.0,0.0,0.0,0.0,0.0,0.43936492400015936,0.37375307318116824,0.0,0.0,0.0,0.0,0.0,0.07338714048327133,0.24262554366898992,0.0,0.0,0.0,0.0,0.0,0.0,0.0,0.0,0.0,0.0,0.0,0.0,0.0,0.0,0.0,0.0,0.0,0.0,0.0,0.0,0.0,0.0,0.0,0.0,0.0,0.0,0.0,0.0,0.0,0.0,0.0
hetNOE,3.3589712746905773,2.019091622290897,0.28254015701636037,1.0230599936695857,0.5957744507758915,0.0,0.09240212038763107,0.0,0.0,0.27093325642683874,0.0,1.1196881829109882,0.0,0.0,0.09143284860283507,0.0,0.0,0.0,0.0,0.0,0.0504345631643508,0.24300865524206072,0.7303852064982095,0.4165750428848449,0.07495170041196908,0.018018705360151266,0.0,0.0,0.0,0.0,0.0,0.28186059912751005,0.0,0.0,0.3094144010837465,0.3613183938292861,0.6533388383894809,0.5632870345470773,0.0,0.0,0.12174897156475106,0.9611630971970111,0.7341599417566103,0.44431247623171743,0.5708681261283255,0.0,0.8369829330181298,1.0301065342472975,3.6287274674071917,10.11295461416947,1.1815762906537453
