,3ALA,4MET,5THR,7VAL,8ARG,12THR,14ASP,16LEU,17ASN,18LEU,19ARG,20GLY,22LEU,23ASP,24GLY,26ARG,27TRP,28ARG,29ARG,30ALA,31GLU,33ALA,34GLN,35SER,36ARG,37ARG,39GLY,40ARG,41SER,42ARG,44GLY,45GLY,46ALA,48LEU,49ARG,50TYR,52ARG,53THR,54GLY,55VAL,56GLY,57MET,58SER,59ARG,60THR,61GLY,63GLY,64SER,65ARG,67VAL,Averages
R1,0.07244603090258028,0.0,0.0,0.0,0.4230081531478509,0.3624476118149702,1.4009508790169276,1.142485483557096,1.3512446232403303,0.5751493851985376,0.8627661489168799,0.9309681545544355,1.314480723028256,1.1661750746767279,1.2861054923652007,1.7806892615895307,1.655197341040489,3.067980325186065,1.8208827074004543,1.520205955459307,0.3312193485288548,0.6368271789023152,1.0701780714178706,1.286078865280619,1.8714547446668952,0.0,0.8365104470508764,1.1588014270979081,0.42713058358923606,0.510294407048639,0.0,0.36896207473099385,0.0,0.16853495768120474,1.1759662519254555,1.6380842685286066,2.4614259465278274,2.306173450259115,1.9222942057756058,1.695904257239897,0.8698234864403918,1.0438215731016207,0.8098064005994268,1.9615534914163444,0.47512567732968813,0.0,0.14309686082868756,0.008891865536466703,0.0,1.1282692275924275,1.058932526050036
R2,0.0,0.0,0.0,0.0,0.0,0.0,0.0,0.0,0.0,0.0,0.0,0.0,0.0,0.0,0.0,0.0,0.0,0.0,0.0,0.0,0.0,0.0,0.0,0.0,0.0,0.0,0.0,0.0,0.0,0.0,0.0,0.0,0.0,0.0,0.2236721421725576,0.0,0.0,0.0,0.0,0.0,0.0,0.0,0.0,0.0,0.0,0.0,0.0,0.0,0.0,0.0,0.0
hetNOE,0.0,0.0,0.831196246825731,0.4058078658691715,0.0,0.0,0.0,0.0,0.0,0.45297281926895994,0.34348590837529813,0.7833917491546036,0.3070664608989817,0.4458947533698401,0.0,0.0,0.0,0.0,0.3395272614568048,0.6940523356555826,1.189700503239541,1.8148729634851208,0.2446871520437075,0.08153492263112483,0.0,0.44545201432286596,0.011438917050592634,0.17505165703757797,0.5175629726838396,0.48578419855284904,1.3131547789724038,0.7119746458887397,1.037429896032473,1.0505629482070211,0.7454436079895268,0.2514011172856154,0.7934221599762845,0.8603763816924246,1.023170321277631,0.4397656671711594,1.7266687487818242,1.3798497922616337,1.7357817059065446,1.1579925914218814,0.944028489458798,0.5035394341609976,0.5791213378027724,0.7436155726184139,1.7117476953599593,7.17624767836859,0.9676026839402772
