,5GLN,6ALA,9VAL,10LYS,11VAL,12ASP,13GLY,14SER,15GLU,17LYS,19SER,24LYS,25ARG,28LYS,29ALA,30GLU,31LYS,33VAL,34ALA,35GLU,36LYS,41LYS,42GLU,45GLU,49SER,51ALA,52THR,53ALA,54ALA,56THR,59THR,60THR,61ASP,62ASN,63GLY,65GLY,67GLU,68GLU,70SER,72ASP,Averages
R1,2.350342794155988,2.248654494286307,0.5032339126852448,0.0,0.0,0.16274482560369363,1.6999705420807887,2.345868859481745,0.2519774769130996,2.64974197655265,2.6165981387238033,0.0,0.0,0.8672948823790523,2.1329945140965854,0.0,1.4226568202128935,0.0,0.0,0.0,0.0,0.0,3.6918234238369907,2.8923494082283168,0.02915266856921961,0.24601359526923772,1.1464018891382213,0.0,0.4909336298607543,0.7611616784868815,0.0,1.614161993555581,0.0,0.0,0.0,2.015505566302104,3.0546362324782246,2.053167827239503,0.9527728108027265,2.384708945405663,1.2378979418283937
R2,0.0,0.0,0.0,0.0,0.0,0.0,0.0,0.0,0.0,0.0,0.0,0.0,0.0,0.0,0.0,0.0,0.0,0.0,0.0,0.0,0.0,0.0,0.0,0.04967089372430844,0.0,0.0,0.0,0.0,0.0,0.0,0.0,0.0,0.0,0.0,0.0,0.0,0.15320920664096582,0.0,0.0,0.0,0.0
hetNOE,27.467539357903178,24.884636569776003,7.779569791243535,10.39962546792668,10.774812286120312,8.128317055160478,6.081232165234998,4.711035616210263,5.427230141598388,3.0042658824844484,4.423672629456583,2.666560580058449,3.044999951778019,3.208955949208063,2.8290656776619945,5.979435031549444,13.64878871814648,5.369026319317732,5.191738875357491,11.297294437557968,4.8530428997063995,8.051475005333604,4.634962998903403,8.30446036918956,6.328466854666609,7.376450377995859,11.249832401180175,11.383449942648076,12.362062508203389,12.343744317467197,6.657474308198928,10.881344478196102,10.93871138314778,14.62191778912862,12.219513296414235,11.629364207980164,12.925977789815864,12.784833672719573,19.909788602173577,16.35376093831324,10.933046158529685
