,5GLN,6ALA,9VAL,10LYS,11VAL,12ASP,13GLY,14SER,15GLU,17LYS,19SER,24LYS,25ARG,28LYS,29ALA,30GLU,31LYS,33VAL,34ALA,35GLU,36LYS,41LYS,42GLU,45GLU,49SER,51ALA,52THR,53ALA,54ALA,56THR,59THR,60THR,61ASP,62ASN,63GLY,65GLY,67GLU,68GLU,70SER,72ASP,Averages
R1,2.131208837697176,1.4786791718178005,0.8567932179373237,1.751874531437494,1.277886607530951,2.2302397081061245,3.9772145345629077,3.897325592426098,1.720953580098921,2.945843191592614,2.9046353622509624,3.5714037661050835,2.8324595910091137,4.515260213541681,5.287305809703952,2.034318058807211,0.6254080518526024,2.071343620628808,1.4390290826785939,0.775315521289722,2.6182912206459665,1.4506416175330044,4.16229835604402,1.3883553900122583,1.821452464446037,2.241313434879725,0.9841017635950662,2.2418081730348374,1.4006178224368409,1.827490407473264,0.0,2.4767241879527795,1.745388267260703,1.4218659882530678,1.3071619153754344,0.0,0.0,0.0,0.0,2.3437525256785463,2.1857103589730467
R2,0.0,0.0,0.0,0.0,0.0,0.0,0.0,0.0,0.0,0.0,0.0,0.0,0.0,0.0,0.0,0.0,0.0,0.0,0.6886878890336088,0.0,0.0,0.35112969695793206,0.0,0.28235454081337097,0.0,0.0,0.0,0.0,0.06912117470288903,0.0,0.0,0.0,0.0,0.0,0.0,0.0,0.0,0.0,0.0,0.0,0.0
hetNOE,14.425439779856923,13.65616819813524,1.6102507972866045,4.269632234939679,5.569357627381829,3.6154368735609745,1.2167171956543177,1.722278716932832,3.0677538900717236,2.1125514907946004,5.668089026254736,1.350888546368588,1.2713505106518466,1.6486893741198823,1.2401065203673909,4.5976919427182255,11.11283154294453,3.2883650220193985,3.6445562554850666,9.55217310279548,3.304883316811374,7.3251173060441594,4.293837358246416,7.173734578174573,4.449502346567648,5.540900288004875,8.595691189970905,9.222123602345432,9.927500478833853,12.092743699280053,7.794179701321871,12.208199686654915,10.615912135474998,14.111479824388487,10.423102640069466,8.292445325475205,9.049667106123913,9.61510523840305,16.669082430091773,16.39413799287613,8.205698978840978
