,5GLN,6ALA,9VAL,10LYS,11VAL,12ASP,13GLY,14SER,15GLU,17LYS,19SER,24LYS,25ARG,28LYS,29ALA,30GLU,31LYS,33VAL,34ALA,35GLU,36LYS,41LYS,42GLU,45GLU,49SER,51ALA,52THR,53ALA,54ALA,56THR,59THR,60THR,61ASP,62ASN,63GLY,65GLY,67GLU,68GLU,70SER,72ASP,Averages
R1,0.0,0.0,0.0,1.262861024099235,1.0436062471117378,1.8021092211068126,2.9110315273665277,2.6214380114309566,1.2172340440571445,2.032118516451568,2.125202531309716,1.337179540253636,1.2047203225113998,2.318271120143157,2.3634115509996225,0.5292026414183282,0.0,1.2641687892875426,2.0451109235746863,1.312741271447928,2.2688657253134057,0.9892391595661882,3.724431337341586,1.5223516390971596,0.028393496116657868,1.710221524630553,0.3368728822859357,2.0406904565423485,0.9474222818319824,1.1545787850663043,0.13749531028602724,1.069788561373735,0.0,0.7035406425416431,0.08680008044692711,0.6673760893155631,0.5238291192380318,0.7460439119386342,0.8255728094847521,4.859154620242123,1.5129386984554851
R2,0.0,0.0,0.0,0.0,0.0,0.0,0.0,0.0,0.0,0.0,0.0,0.0,0.0,0.0,0.0,0.0,0.0,0.0,0.0,0.0,0.0,0.0,0.0,0.0,0.0,0.0,0.0,0.0,0.0,0.0,0.0,0.0,0.0,0.0,0.0,0.0,0.0,0.0,0.0,0.0,0.0
hetNOE,24.575528404402732,22.311624440201985,4.584172536041261,6.892518752944738,7.677019693045949,6.018558473240006,4.069448768763638,4.3187571354010394,4.751557691066513,3.975883838286528,5.55525631044279,2.0774677832605346,2.185720603322243,2.6481743900677897,1.9872595823842718,5.028900408451072,11.88488198380427,2.5393114196197466,2.006519020175711,7.357925596991343,1.0206730452773027,5.077763982700959,2.8849302780827744,6.1222179149077665,4.473802686723644,4.248243840564522,7.917010732416188,7.386882251033132,9.016564154897129,11.068425525711573,7.429037052475877,11.611758438431368,10.88648139274527,14.28590375923418,11.187569781090618,10.958270263848531,11.388186712542462,11.658246056026629,19.39699904428984,20.137135624473203,9.652803450151746
