,3ALA,4MET,5THR,7VAL,8ARG,12THR,14ASP,16LEU,17ASN,18LEU,19ARG,20GLY,22LEU,23ASP,24GLY,26ARG,27TRP,28ARG,29ARG,30ALA,31GLU,33ALA,34GLN,35SER,36ARG,37ARG,39GLY,40ARG,41SER,42ARG,44GLY,45GLY,46ALA,48LEU,49ARG,50TYR,52ARG,53THR,54GLY,55VAL,56GLY,57MET,58SER,59ARG,60THR,61GLY,63GLY,64SER,65ARG,67VAL,Averages
R1,0.0,0.031315062910249214,0.0,0.0,0.0,0.0,0.5765257005268318,0.0,0.0,0.0,0.0,0.0,0.0,0.0,0.0,0.0,0.33488761539090817,0.08713143528646783,0.0,0.0,0.0,0.0,0.0,0.0,0.0,0.0,0.0,0.0,0.01641755333424544,0.0,0.07892103401862549,0.04749928349329413,0.94511835824945,0.0,0.0,0.0,0.0,0.0,0.0,0.0,0.0,0.0,1.1907687060727952,0.0,0.0014395599221126432,0.22773191874516874,1.410494546416892,0.8962398080454648,1.7253784536732035,3.3612982481077935,0.13970453536215266
R2,0.0,0.0,0.0,0.0,0.0,0.0,0.0,0.0,0.0,0.0,0.0,0.0,0.0,0.0,0.0,0.0,0.0,0.0,0.0,0.0,0.0,0.0,0.0,0.0,0.0,0.0,0.0,0.0,0.0,0.0,0.0,0.0,0.0,0.0,0.0,0.0,0.0,0.0,0.0,0.0,0.0,0.0,0.0,0.0,0.0,0.0,0.0,0.0,0.0,0.0,0.0
hetNOE,2.3425912428198656,2.0913212405611867,0.0,1.6914436231030372,0.7631527182611235,1.2932993529040426,2.830926126502244,1.001892843051345,1.1341943415593483,2.091562786204848,1.0607708097113795,1.5497234397708546,1.3983615877042235,1.2827578001779671,1.614880593451975,0.0,0.0,0.0,0.16890835667875215,0.8034630712962962,1.216625359219072,1.9723464310859402,1.739013876390679,1.5389415085928215,0.9011032830845465,1.2272913255113593,1.8124458812284283,1.8833348986091587,2.7985602921911434,2.2091080062013604,3.1549176529460707,3.5332907325024916,3.099386090529375,1.9726575224967093,1.7735294015192484,1.153901988590051,1.3643282199516955,1.755215590780625,2.168559263196017,1.9842631999035087,2.625796034496518,2.8259296464095387,4.375712918761915,3.7241522320263867,3.634968082293203,3.6474107333269066,4.8673834651296835,4.958096319519224,5.957840188254001,11.431363800257893,2.6984915052242227
