,5GLN,6ALA,9VAL,10LYS,11VAL,12ASP,13GLY,14SER,15GLU,17LYS,19SER,24LYS,25ARG,28LYS,29ALA,30GLU,31LYS,33VAL,34ALA,35GLU,36LYS,41LYS,42GLU,45GLU,49SER,51ALA,52THR,53ALA,54ALA,56THR,59THR,60THR,61ASP,62ASN,63GLY,65GLY,67GLU,68GLU,70SER,72ASP,Averages
R1,3.0629248014242307,2.56530895487091,1.0025823816223927,1.9330300483428786,1.2595301886605044,2.9106827458062514,3.553421404212661,4.209063910273383,1.9648264594695792,2.483751017590364,2.789967069693094,3.603362032531817,3.2265709220504535,4.346987568450141,4.870771943945378,2.662213881874942,0.870560135539755,2.249557430298354,2.52791009642373,1.6090825237161752,3.149985688719487,2.027521477860852,4.431313669064108,1.6887472915503814,1.5828113738417855,2.650041699823967,1.4798603787314786,2.9846419250737446,2.039780475885333,2.9824364077616976,0.0,3.9817139785425493,2.239860389506889,2.820192814848679,2.428570764105268,0.10753027462688403,0.0,0.2512264282254184,0.0,2.8204213620429104,2.551723744268764
R2,0.0,0.0,0.0,0.0,0.0,0.0,0.0,0.0,0.0,0.0,0.0,0.0,0.0,0.0,0.0,0.0,0.0,0.0,0.0,0.0,0.0,0.0,0.0,0.0,0.0,0.0,0.0,0.0,0.0,0.0,0.0,0.0,0.0,0.0,0.0,0.0,0.0,0.0,0.0,0.0,0.0
hetNOE,10.366588593631013,10.328258151277698,0.0,3.8900422912084993,4.327979405059367,2.890883991202377,1.700925235903623,0.3204951561148792,1.6904012098916934,1.1022746423578287,3.2042541712119617,0.0,0.0,0.307965422052745,0.0,1.3664917960021774,8.342852724085763,0.049230920104137654,0.0,5.791618287886645,0.0,3.4316342523394585,1.5154226991065474,6.063868419189956,2.7198201633336625,2.7099262939028885,6.580001774078983,6.133582459975379,7.538616772629373,8.307383842264976,2.482009654504482,6.24047566005309,6.071799483358326,9.380850517899184,6.621673482847864,5.83571706923394,6.657616839909567,6.842727639139323,16.09565661656413,16.45740231068437,5.93159913847855
