,3ALA,4MET,5THR,7VAL,8ARG,12THR,14ASP,16LEU,17ASN,18LEU,19ARG,20GLY,22LEU,23ASP,24GLY,26ARG,27TRP,28ARG,29ARG,30ALA,31GLU,33ALA,34GLN,35SER,36ARG,37ARG,39GLY,40ARG,41SER,42ARG,44GLY,45GLY,46ALA,48LEU,49ARG,50TYR,52ARG,53THR,54GLY,55VAL,56GLY,57MET,58SER,59ARG,60THR,61GLY,63GLY,64SER,65ARG,67VAL,Averages
R1,0.0,0.0924291463470257,0.0,0.0,0.27295675525338625,1.0155393318823052,0.4078884224043009,0.3330419931716391,0.9732271226796685,0.4802447483030772,0.795624656447117,1.210428832998025,0.9044654706811679,0.8051286994329871,1.272579630087558,1.3723445499187048,0.9384228228920646,1.5386488071341486,0.7077662929613917,0.845475507368149,0.0,0.20802717333178888,0.0,0.5336698021463979,0.8173080953516825,0.8650229352401955,1.3166077971260344,2.3419090667683227,1.257335401415924,0.8007644858385008,0.9607430084147635,1.695208632397037,0.30725589515594787,0.0,0.0,0.0,0.08502848759230264,0.4655894088709389,1.1118833482414514,0.0,0.0460443203332912,0.08091925905721387,0.0,0.009849427283488588,0.0,0.0,0.0,0.06779174334073912,0.0,0.6664766399907229,0.5908975954454752
R2,0.0,0.0,0.0,0.0,0.0,0.0,0.0,0.0,0.0,0.0,0.0,0.0,0.0,0.0,0.0,0.0,0.0,0.0,0.0,0.0,0.0,0.0,0.0,0.0,0.0,0.0,0.0,0.0,0.0,0.0,0.0,0.0,0.0,0.0,0.0,0.0,0.0,0.0,0.0,0.0,0.0,0.0,0.0,0.0,0.0,0.0,0.0,0.0,0.0,0.0,0.0
hetNOE,6.086512006388879,6.059841316823838,2.3305356142151674,0.48246844713102255,1.2807594331477556,0.49027655487904354,0.0,0.0,0.1885044405874372,0.0,0.3098555017862301,0.0,0.6226547240979388,0.20241893466389405,0.5022118558350743,1.4395850850725056,1.0598223644081153,1.3292170629401618,0.6913743218732507,0.24060169727508218,0.07218313107954488,0.0,0.0,0.0,0.0,0.8601047403567732,1.168275023053531,1.8712885632567784,1.764645866681981,1.9288826862771002,1.328290598303214,1.7283731551372123,0.0,0.0,0.08018501670080913,0.0,0.0,0.0,0.0,0.0,0.0,0.631422495795815,1.6499705907733984,1.2152655374429955,1.2310606444116377,1.2394030647541419,0.38107507414363395,0.0,1.0830702323984327,4.336436009539864,1.3008813092688594
