,3ALA,4MET,5THR,7VAL,8ARG,12THR,14ASP,16LEU,17ASN,18LEU,19ARG,20GLY,22LEU,23ASP,24GLY,26ARG,27TRP,28ARG,29ARG,30ALA,31GLU,33ALA,34GLN,35SER,36ARG,37ARG,39GLY,40ARG,41SER,42ARG,44GLY,45GLY,46ALA,48LEU,49ARG,50TYR,52ARG,53THR,54GLY,55VAL,56GLY,57MET,58SER,59ARG,60THR,61GLY,63GLY,64SER,65ARG,67VAL,Averages
R1,0.0,0.0,0.0,0.0,0.3145167965911586,0.3640398825776576,0.0,0.5029133688440659,0.9808876220189269,0.06148244957028237,0.7557329375463098,0.0,0.0,0.0892606083820231,0.0,0.21432080942563236,0.0,0.017960613129772263,0.0,0.0,0.0,0.0,0.0,0.0,0.7621348913157797,0.0,0.23022207260890837,1.413213531506981,0.7332724305948011,0.7323055229999749,0.7399348218719048,1.7412474754315865,1.4990224874184688,0.8827185887696891,0.9101126624503535,0.769353612427317,0.9719467067853584,1.0696861544936702,0.7650150241981479,0.72551368130722,0.0,0.678673677426934,0.0,1.6230367118194242,0.6751641608111922,0.6122850594157696,0.4694625297962862,1.0657907415720094,0.0,0.0,0.44280679750122154
R2,0.0,0.0,0.0,0.0,0.0,0.0,0.0,0.0,0.0,0.0,0.0,0.0,0.0,0.0,0.0,0.0,0.0,0.0,0.0,0.0,0.0,0.0,0.0,0.0,0.0,0.0,0.0,0.0,0.0,0.0,0.0,0.0,0.0,0.0,0.0,0.0,0.0,0.0,0.0,0.0,0.0,0.0,0.0,0.0,0.0,0.0,0.0,0.0,0.0,0.0,0.0
hetNOE,3.229186724962233,3.753259686522979,0.17139272861825372,0.21022932933257543,0.4850355169797149,0.0,0.0,0.013616791088682856,0.0,0.0,0.0,0.02334834135608732,0.0,0.36760670324662814,1.3449384652561438,0.0,0.0,0.0,0.050902358649289825,0.20572396208947108,0.4066609301031485,0.877747207795212,0.5880225330491482,0.30935883771968564,0.0,0.0,0.0,0.36262650898808735,0.17775849077265615,0.842012104158745,1.30769779155355,3.0047493260810922,2.045457335108903,1.9936259293064418,0.5080235370040256,0.6115555842797957,0.5608423726052001,0.30607950590162725,0.5017037314235175,1.4647974536503972,0.29908490608711236,0.31018699227421753,0.0,0.6660576176905191,0.5475197360745891,1.304826183162901,2.3568950770940007,2.6230236590861398,1.1150261634986278,1.0260211093459968,0.9162514666180293
