,5GLN,6ALA,9VAL,10LYS,11VAL,12ASP,13GLY,14SER,15GLU,17LYS,19SER,24LYS,25ARG,28LYS,29ALA,30GLU,31LYS,33VAL,34ALA,35GLU,36LYS,41LYS,42GLU,45GLU,49SER,51ALA,52THR,53ALA,54ALA,56THR,59THR,60THR,61ASP,62ASN,63GLY,65GLY,67GLU,68GLU,70SER,72ASP,Averages
R1,2.221115840790266,1.5282935667970206,0.8313538905230478,1.1683071752825134,1.430192959987279,2.636833232085151,4.337269773108215,4.086154354581497,1.7394622612773318,2.8464504807186786,3.20149600206112,2.4842911040014224,2.0423920278924315,3.9400548653368865,4.401744135317087,2.2297240078927563,0.1636840627916898,2.3793928305236522,2.9405382359485013,0.5795291129345881,4.075301711354985,1.8778025750560494,4.443666706525325,0.0,3.1199070992881914,3.358782881962868,0.6541845374350772,2.7151929532652463,2.2672997869171994,1.5715471542216468,0.0,4.292954393471337,1.7270637815130705,2.2727393785443315,0.930711021046505,0.0,0.0,0.0,0.33804982850196996,2.3642266683705735,2.3665421964816273
R2,0.0,0.0,0.0,0.0,0.0,0.0,0.0,0.0,0.0,0.0,0.0,0.0,0.0,0.0,0.0,0.0,0.4671064037912007,0.29291785438766116,0.0,0.20095966802190413,0.0,0.4551058500330798,0.003762523609352364,0.397061885247171,0.0,0.0,0.16770005295852464,0.25825637168170856,0.0,0.256394527736437,0.3139472216241437,0.03931914057006458,0.2824123962659124,0.0,0.0,0.17318838232468559,0.787395999675073,0.8472997050627771,0.19816607446778556,0.0,0.0
hetNOE,13.469817099631191,13.321266835213784,1.6698498134451625,5.215921809802239,5.330786155830042,3.1577061378462137,0.4049467527523045,0.900053877921889,2.6383778346540145,2.735015646612435,5.164999938105605,3.376705962441892,3.382332863920854,2.83416919392064,1.9120356128589329,3.8578494624742525,12.90551162361617,3.2306834908045854,3.1645524224281854,9.416761409828927,2.317326175850957,6.882073669203451,4.672021439685829,7.284358964213574,1.9312705842167284,4.328295150774173,9.939283485930957,9.80164912318427,10.085626483649152,13.580180058366178,9.333961796349618,12.271669955084992,11.255174356305334,14.129998944174538,10.728208886282747,10.539223479878652,11.52413843258993,11.804947741597093,20.041415274209946,16.599194597932843,8.746031183613377
