,5GLN,6ALA,9VAL,10LYS,11VAL,12ASP,13GLY,14SER,15GLU,17LYS,19SER,24LYS,25ARG,28LYS,29ALA,30GLU,31LYS,33VAL,34ALA,35GLU,36LYS,41LYS,42GLU,45GLU,49SER,51ALA,52THR,53ALA,54ALA,56THR,59THR,60THR,61ASP,62ASN,63GLY,65GLY,67GLU,68GLU,70SER,72ASP,Averages
R1,3.1232997154539595,2.0998896693561977,0.7777434295030574,1.752301875884712,2.027229126053013,2.680608074879113,3.8756598644381075,3.9549445374770844,1.9561657787667013,2.0769247212059514,2.9560518921097145,2.346035617097,1.9208240754942376,2.849927996624553,3.6449536529863407,1.0386136522626357,0.0,1.8544570329360544,1.6431839574049154,0.7669951073076575,1.3271028006645058,0.11703891779666686,3.242996470382421,2.1867537670944954,1.8936304602598981,1.7470324368140613,0.43535104450407536,1.6972490101996378,0.5323427212051106,0.7519064275132761,0.25548847333734437,2.0066669657664593,1.4978252298228725,1.5935401157956908,1.0502250649244664,0.0,0.4523929313590145,0.2692163905824221,0.0,3.100284381091429,1.8929029461639253
R2,0.0,0.0,0.0,0.0,0.0,0.0,0.0,0.0,0.0,0.0,0.0,0.0,0.0,0.0,0.0,0.0,0.0,0.0,0.0,0.0,0.0,0.0,0.0,0.0,0.0,0.0,0.0,0.0,0.0,0.0,0.0,0.0,0.0,0.0,0.0,0.0,0.0,0.0,0.0,0.0,0.0
hetNOE,11.202311435615512,11.553831647610641,0.7092494859973466,3.3443801686210657,3.580158853039176,2.653271988331904,0.6756421807806914,0.29258906114500083,2.6134133165343134,2.1848688975631942,4.191030607627367,1.670498613882164,1.8241302551184004,2.19843504639434,1.9606947201552978,4.585483386860106,11.728509176808117,2.0527454192482844,2.4797470986753565,8.683665030795428,2.658585668684925,6.065469789474663,3.118451912843142,6.137624010084238,1.7645531637993424,2.4678865378876167,6.518226515973679,6.662088107933687,8.139003705339674,10.350286088395766,5.6863604001743155,9.323890365733059,7.541153848079341,11.193480869744077,7.835316011899975,6.826772400505023,9.249679484919742,9.78552449322186,16.93250582412658,16.496581064373668,7.061564886225771
