,3ALA,4MET,5THR,7VAL,8ARG,12THR,14ASP,16LEU,17ASN,18LEU,19ARG,20GLY,22LEU,23ASP,24GLY,26ARG,27TRP,28ARG,29ARG,30ALA,31GLU,33ALA,34GLN,35SER,36ARG,37ARG,39GLY,40ARG,41SER,42ARG,44GLY,45GLY,46ALA,48LEU,49ARG,50TYR,52ARG,53THR,54GLY,55VAL,56GLY,57MET,58SER,59ARG,60THR,61GLY,63GLY,64SER,65ARG,67VAL,Averages
R1,0.0,0.0,0.0,0.0,0.47856554055737144,1.0369511380198024,1.0197152282128634,1.6059851622046644,1.0891818257264014,1.2232153833201305,1.78018289018285,1.9490500915548403,1.2866877753909374,1.4580241549872421,0.6181027558175138,2.069045159382691,2.235797461916258,3.3606485913421933,1.5966243967191978,1.1522681142429736,1.0624766304348756,0.5572842272889096,0.5496904572464936,1.1024804150516156,1.1791894242089729,0.45840353186762717,1.399132609802785,2.6157873582114606,1.1656372243822024,0.9961908851626988,0.802987711572716,1.1989024771344359,0.8983322581143658,0.38763054494173765,1.2158042876061343,1.2969528052890085,0.4117455562296859,0.9761029365400338,0.5460959854509202,1.1047600545991196,0.0,0.38821437238302803,0.6520957695861951,1.567457482480504,0.7333602732962572,1.2968474531429734,0.23299765003851913,0.2159806497157779,0.0,0.3914285100638413,1.090684837588649
R2,0.0,0.0,0.0,0.0,0.0,0.0,0.12729525844430256,0.34438486630232257,0.2925780044660762,0.03492457890367806,0.12855497969924157,0.3807232972809116,0.5491731598874625,0.7096049818865677,0.25686517342887916,0.4815063814958518,0.11360251330017657,0.039863055985899676,0.0,0.0,0.0,0.0,0.3006971735519337,0.0,0.0,0.0,0.0,0.0,0.0,0.0,0.0,0.0,0.0,0.0,0.0,1.0327595720834872,0.0,0.0,0.0,0.0,0.0,0.0,0.6343959873690423,0.037389303672949126,0.6269486262441424,1.0519184889134796,0.10290933344999886,0.17987310549630076,0.0,0.0,0.0
hetNOE,5.0620717235159916,4.024920702173286,1.3164880385537514,0.43750532900518224,0.8425033412792327,0.0,0.0,0.0,0.0,0.2187694966300926,0.0,0.0,0.3506259281559867,0.5801539781558054,0.8498072299848405,0.0,0.0,0.0,0.03467715497774715,0.16036713813550962,0.0,0.2215607782094342,0.0,0.0,0.0,0.0,0.0,0.0,0.0,0.0,0.0,0.0,0.0,0.5255706283785346,1.1539767351413435,0.9709916403681382,1.8476272070068673,1.9175368332559368,1.8925938185927071,0.7610297911287347,2.3915674622015146,2.458438751189931,2.6751158650990754,2.3598433144529016,2.8393628502920105,1.8949637299145423,3.4602157086681924,3.341565528784244,3.926329569700825,6.718908551338184,1.5485101242695523
