,3ARG,4GLY,6GLU,7PHE,8GLU,9LEU,10GLY,11THR,12LEU,14ARG,15ASP,17GLU,18ASP,19LEU,20GLU,21ASP,22GLY,24CYS,25GLY,27SER,28SER,30SER,32GLY,35SER,38VAL,39SER,40LEU,41GLN,42LEU,43ALA,45SER,46GLU,47LEU,48ARG,49GLN,51LYS,55GLU,56GLY,57SER,58ARG,59ALA,60ASP,61LEU,62VAL,63ALA,64GLU,65GLU,66SER,68GLU,69LEU,70LEU,71ASN,75ARG,77LEU,78SER,80GLU,81LEU,82ARG,84LEU,86TYR,87GLY,89GLY,90LEU,91SER,92ALA,93TRP,94SER,97GLN,98PHE,99GLU,100LYS,Averages
R1,1.7981849426546446,1.7649998268812057,0.6283592512058096,0.4218084586356059,0.0,0.0,0.0,0.13229111836528062,0.0,0.0,0.0,0.0,0.0,0.0,0.0,0.0,0.0,0.0,0.0,0.0,0.0,0.0,0.0,0.0,0.0,0.0,0.0,0.0,0.0,0.0,0.0,0.0,0.0,0.0,0.0,0.0,0.0,0.0,0.0,0.0,0.0,0.0,0.0,0.23127777673379324,0.0,0.0,0.0,0.0,0.0,0.0016263786050880746,0.0,0.0,0.0,0.0,0.0,0.0,0.0,0.0,0.24241849163456597,0.0,0.0,0.0,0.0,0.0,0.0,0.0,0.0961196114676115,0.0,0.0,0.15905158241560824,0.45693573505460483,0.0
R2,0.0,0.0,0.0,0.0,0.0,0.0,0.0,0.0,0.0,0.0,0.0,0.36067658756813836,0.0,0.0,0.0,0.0,0.0,0.0,0.0,0.0,0.0,0.0,0.0,0.0,0.0,0.0,0.0,0.0,0.0,0.0,0.541333435013504,0.0,0.0,0.11861254614037464,0.18572667987994307,0.12105650555570802,0.12538740178811758,0.0,0.010753028616531823,0.0,0.0,0.07200770368672993,0.0,0.0,0.0,0.0,0.0,0.0,0.0,0.0,0.0,0.0,0.0,0.0,0.0,0.19545959439734206,0.7590080916062634,0.027662354198731753,1.180071712130339,1.6173845555500774,1.2614617395260939,0.9077794594341735,0.7893896665004609,0.5220007112228369,0.5619588651257958,1.418585443832523,0.841292329875194,0.4627867402737882,0.4119291779465024,0.0,0.0,0.05714067503963971
hetNOE,5.227431166145196,4.4363899932388655,2.6991183805388514,3.4258700382065097,2.7721691332318263,1.643775395501605,1.883289660744671,2.241851315957934,1.0968189379544833,0.2625169711955313,0.0,0.0,0.0,0.0,0.0,0.24729968074160924,0.42400778153917207,0.0,0.0,0.0,0.0,0.0,0.052862874965780904,0.0,0.3365996374720861,0.0,0.0,0.0,0.5281282158201697,0.0,0.0,0.0,0.0,0.27649045443025577,0.0,0.24036644968814946,0.29188579201396814,0.05604132525836891,0.6006436224171416,0.0,0.0,0.0,0.0,0.5758596186933072,0.9432702459253752,0.4073156250979002,0.0,0.0,0.29443996875849887,0.0,0.0,0.0,0.0,0.33850263099316247,0.0,0.0,0.0,0.34676688289645297,0.25702512420388435,1.6885042876377674,1.8627223900811725,3.3240604657728827,3.008899806494366,2.0433979651087184,2.247436610306198,2.280163692596526,2.09857850443084,3.212148508896134,3.4365984611528404,2.7794313783844102,4.798581427297998,1.273544356873233
