,3ALA,4MET,5THR,7VAL,8ARG,12THR,14ASP,16LEU,17ASN,18LEU,19ARG,20GLY,22LEU,23ASP,24GLY,26ARG,27TRP,28ARG,29ARG,30ALA,31GLU,33ALA,34GLN,35SER,36ARG,37ARG,39GLY,40ARG,41SER,42ARG,44GLY,45GLY,46ALA,48LEU,49ARG,50TYR,52ARG,53THR,54GLY,55VAL,56GLY,57MET,58SER,59ARG,60THR,61GLY,63GLY,64SER,65ARG,67VAL,Averages
R1,2.6996202559744464,2.2189973950120465,1.7644409604807754,1.0087061947630414,0.0,0.0,0.44973517943954855,0.1916313216282861,0.0,0.0,0.0,0.0,0.0,0.0,1.0541699150249704,0.0,0.0,0.0,0.0,0.0,0.6108495108468113,0.27881796747571075,1.0749327512519162,0.8559881278750783,0.0,0.5277864057957551,0.9567060454889935,0.0,0.0,0.6145883660720883,0.9785234441984152,1.235757217722386,2.205337918502269,1.3209361051357749,0.4553975289671308,0.0,0.0,0.0,0.0,0.0590337516883479,0.5530997058010878,0.02858634695812068,0.14827218661182306,0.0,0.0,0.0,0.6114123092374466,0.0,0.640337896704162,0.725654486779159,0.5065828668668901
R2,0.0,0.0,0.0,0.0,0.0,0.0,0.0,0.0,0.0,0.0,0.0,0.0,0.0,0.0,0.0,0.0,0.0,0.0,0.0,0.0,0.0,0.0,0.0,0.0,0.0,0.0,0.0,0.0,0.0,0.0,0.0,0.0,0.0,0.0,0.0,0.0,0.0,0.0,0.0,0.0,0.0,0.0,0.0,0.0,0.0,0.0,0.0,0.0,0.0,0.0,0.0
hetNOE,7.582684113346719,5.216807477828155,4.906735691854541,3.518880097764126,1.446612428604837,1.4249310482763535,2.157125795003489,0.9938441439067822,0.4837683573959919,1.1696852485756426,0.26505760302568326,1.840797663769583,1.0433092300501658,1.4401422645717932,1.9182186040484672,0.9016701347532676,0.4096606534520377,0.0,1.1083554800633433,0.6904764210799006,1.4176471479318904,2.1943111321794224,2.4881060027896726,2.907058848562151,1.7481917401726985,2.2401711443945493,2.9524954063663333,2.089109114840821,2.7326181501607874,2.1796276553509277,3.3679920603054043,3.548185499427138,3.728194677376279,2.8391346776135387,2.6659087981653617,1.5584516406586375,1.9435719595499141,2.377145681939555,2.0368604109467294,2.031128082031197,2.799762158592671,2.688408192860811,2.4375522535151237,2.1062839909113804,2.385587486635669,1.8789584737598362,2.7120420330019077,2.433484236456976,3.110453651677247,6.421670550255288,2.620283035049588
