,3ALA,4MET,5THR,7VAL,8ARG,12THR,14ASP,16LEU,17ASN,18LEU,19ARG,20GLY,22LEU,23ASP,24GLY,26ARG,27TRP,28ARG,29ARG,30ALA,31GLU,33ALA,34GLN,35SER,36ARG,37ARG,39GLY,40ARG,41SER,42ARG,44GLY,45GLY,46ALA,48LEU,49ARG,50TYR,52ARG,53THR,54GLY,55VAL,56GLY,57MET,58SER,59ARG,60THR,61GLY,63GLY,64SER,65ARG,67VAL,Averages
R1,1.9951951785425388,1.330341613513602,2.518094586394728,0.9342140974170641,0.0,0.0,0.6946328378054161,0.0,0.0,0.0,0.0,0.2333079097480184,0.23193807656409748,0.09834771836173761,1.0516502028154964,0.0,0.0,0.0,0.04150209643267466,0.0,0.3279229665356984,0.0512193053207608,0.5199052507972093,0.2244819444902757,0.5099111150985451,1.1020550480598414,0.2358803162211669,0.0,0.0,0.0,1.1770585407581011,1.4482006318106833,1.2046257793591781,1.4035784089677623,0.4367186103733529,0.4428870658144368,0.09775840761008081,0.0,0.019567099790113396,0.5130785560626365,0.9760391916810931,0.2951569560979057,0.508914612981068,0.0,0.5467561373498966,1.0314417262711388,1.8262306795966792,0.6689099371072214,1.601494128716194,2.908436187887225,0.6687306824997818
R2,0.0,0.0,0.0,0.0,0.0,0.0,0.0,0.0,0.0,0.0,0.0,0.0,0.0,0.0,0.0,0.0,0.0,0.0,0.0,0.0,0.0,0.0,0.0,0.0,0.0,0.0,0.0,0.0,0.0,0.0,0.0,0.0,0.0,0.0,0.0,0.0,0.0,0.0,0.0,0.0,0.0,0.0,0.0,0.0,0.0,0.0,0.0,0.0,0.0,0.0,0.0
hetNOE,5.967269730842937,4.162133818769957,4.933071775780266,3.3761427510124298,1.3130599842516415,1.0019529052940657,1.9735067335996712,0.5573365679377982,0.5554303328577328,1.6189288142176794,0.7668836354136019,1.8230162782581667,1.618315602629965,1.4808966985625194,2.0320528152658324,0.3454415580511285,0.6296572362444244,0.677711133130082,1.1803802550835796,0.9833802481659735,1.124872760375188,1.6282713676420508,2.114581025802794,2.4739526598462946,2.4490922421870063,2.8220102848033313,2.2488648126158695,1.7372384539507686,2.059946343755834,1.6922306954096866,3.217068280294754,3.4643027561826027,3.3003018631593335,2.5470123342676856,2.423582936111476,1.8474684514435098,2.1092544152872,2.306363390675507,2.4829190395994827,2.2526831717649998,2.9515922157201544,3.000022296271994,3.108998036739451,2.8715481498525404,3.006182329941317,3.447713381516148,4.804062013610466,4.070289116415993,5.074044213876242,9.543152688503742,2.851642753253127
