,5GLN,6ALA,9VAL,10LYS,11VAL,12ASP,13GLY,14SER,15GLU,17LYS,19SER,24LYS,25ARG,28LYS,29ALA,30GLU,31LYS,33VAL,34ALA,35GLU,36LYS,41LYS,42GLU,45GLU,49SER,51ALA,52THR,53ALA,54ALA,56THR,59THR,60THR,61ASP,62ASN,63GLY,65GLY,67GLU,68GLU,70SER,72ASP,Averages
R1,2.356294897601585,1.6406960840184999,0.224061189608467,0.8846952984336955,0.7799465447221812,1.702742521113386,3.1373782637424172,3.519801589328992,1.423949731337638,1.883687743783382,2.845598877267102,1.7162578647778095,2.050413629765669,4.276065698185709,3.7856026487167824,2.2922712874472335,0.0,1.6560230357225842,1.1181471888435817,0.51732413220445,1.434722545222967,0.5318676208558597,3.5203514938926928,2.3653231655632205,0.4459137318926749,1.738685941224226,0.0,1.662168366621683,0.03325200502605674,1.4695267250443615,0.42727007544456197,2.345373546964228,0.764735941059856,1.3226807152814013,1.256829470939048,0.0,0.0,0.0,0.0,1.7197640984846156,1.7039967811994137
R2,0.0,0.0,0.0,0.0,0.0,0.0,0.0,0.0,0.0,0.0,0.0,0.0,0.0,0.0,0.0,0.0,0.0,0.0,0.0,0.0,0.0,0.0,0.0,0.0,0.0,0.0,0.0,0.0,0.0,0.0,0.0,0.0,0.0,0.0,0.0,0.0,0.0,0.0,0.0,0.0,0.0
hetNOE,13.082150004529677,13.102513325179153,2.5015914706380817,6.063860668435276,5.914371490060739,5.182849251936931,2.9513474104859494,1.822896204369155,3.6185645928196735,2.7917409374092146,4.795797412746333,1.0334782272843466,0.6440209547786393,0.15133237028776225,0.0,2.351101733885812,10.989579392586206,2.191311257494586,2.8337716800483923,8.84824420459748,2.7187035026616924,7.2591726805756185,4.247364750078325,7.365551732988704,3.6545076808849837,3.538358622466556,7.822733073435588,7.925279568110804,9.974476736448912,10.47758006982525,6.569586063714799,9.84596577590306,8.631971916929249,11.780713630840784,8.071764884739215,6.746062737565664,8.128129603347995,8.069990540850771,15.55346723594624,13.555783801679084,7.336747468522876
