,5GLN,6ALA,9VAL,10LYS,11VAL,12ASP,13GLY,14SER,15GLU,17LYS,19SER,24LYS,25ARG,28LYS,29ALA,30GLU,31LYS,33VAL,34ALA,35GLU,36LYS,41LYS,42GLU,45GLU,49SER,51ALA,52THR,53ALA,54ALA,56THR,59THR,60THR,61ASP,62ASN,63GLY,65GLY,67GLU,68GLU,70SER,72ASP,Averages
R1,3.365897256289178,2.718829059177965,1.3398754975436016,2.3591719946214043,1.7145611357283834,2.971462521859574,3.8538196477269953,4.305375217507731,1.9327574188297705,2.3539159993007854,3.4316622363038416,2.9566623704860255,2.7789869411288084,4.619668852441441,4.5535111969101525,2.7730968770419286,0.0,2.7866701047696183,2.7488137034533047,2.2484645636975964,3.103709255697172,2.6837487808379303,5.480156294570146,0.23929912747609494,2.8938100804505478,3.7061597296371804,2.324738287686766,3.6980874193415074,3.4098143105126297,3.439747169853682,0.0,3.802830268046442,2.3494839352047707,2.2855536586234266,2.6648195454843275,0.0,0.0,0.0,0.0,2.9383622776860028,2.774670723789084
R2,0.0,0.0,0.0,0.0,0.0,0.0,0.0,0.0,0.0,0.0,0.0,0.0,0.0,0.0,0.0,0.0,0.0,0.0,0.0,0.0,0.0,0.0,0.0,0.0,0.0,0.0,0.0,0.0,0.0,0.0,0.0,0.0,0.0,0.0,0.0,0.0,0.0,0.0,0.0,0.0,0.0
hetNOE,9.92873119416498,9.32357901901269,0.5174414516711969,1.9197144273392759,2.8997241804034353,1.1049572018944893,0.33594466010220336,0.0,1.1350195283827849,0.6229446593056851,1.212639868274365,0.0,0.0,0.0,0.0,0.8645453921492343,8.908606868252372,0.0,0.0,4.916005663185695,0.0,1.577043735497338,0.0,3.37865599789179,0.0,0.0,3.2203810565924966,2.969578614639786,3.408553830678847,5.686791959995788,2.5570635456911024,6.40398148130209,6.3284163402147655,11.017328509066013,7.181401715633319,5.969016750773698,6.8469860230655915,7.419386296535546,16.292515139421244,16.135342810541946,5.401316536753799
