,3ALA,4MET,5THR,7VAL,8ARG,12THR,14ASP,16LEU,17ASN,18LEU,19ARG,20GLY,22LEU,23ASP,24GLY,26ARG,27TRP,28ARG,29ARG,30ALA,31GLU,33ALA,34GLN,35SER,36ARG,37ARG,39GLY,40ARG,41SER,42ARG,44GLY,45GLY,46ALA,48LEU,49ARG,50TYR,52ARG,53THR,54GLY,55VAL,56GLY,57MET,58SER,59ARG,60THR,61GLY,63GLY,64SER,65ARG,67VAL,Averages
R1,0.0,1.3321493946517164,0.7592745077161718,0.18681795086677977,1.2097639388589663,1.465229454123146,0.8591351144546748,0.6997044019685568,0.31188408718830507,0.001931053303453334,1.0155660848317276,0.5305235719072461,1.2898601090935014,1.3043243376307552,1.4646732382678387,2.151849580799408,2.144812173859511,2.405146667336993,1.255829889271308,1.2168943452912662,0.5054814527465143,0.7914044077435873,0.49855784443750184,0.8970204761107274,1.5898691887412326,0.7323079000690498,0.567116537933164,2.8474445517760483,1.0315385753692676,0.9355747191634267,0.29908298417260726,3.1014472423279145,2.5065148577030514,1.518721595691066,1.5272640277887461,1.686574062520429,1.986948302826769,2.2870035416492263,2.1266620544594885,2.3163370940395196,2.2484759040676865,2.547414988690148,1.5252792031230369,3.1763867277632842,2.199681644716496,2.0702512084503786,1.8309867880968755,2.2303391846661964,0.9948200162126557,0.0,1.5374852921112199
R2,0.0,0.0,0.0,0.0,0.0,0.0,0.0,0.0,0.0,0.0,0.0,0.0,0.0,0.0,0.0,0.0,0.0,0.0,0.0,0.0,0.0,0.0,0.0,0.0,0.0,0.0,0.0,0.0,0.0,0.0,0.0,0.0,0.0,0.0,0.0,0.0,0.0,0.0,0.0,0.0,0.0,0.0,0.0,0.0,0.0,0.0,0.0,0.0,0.0,0.0,0.0
hetNOE,10.776686896907824,10.596286976980924,6.239506806411209,4.042524019079299,3.705791607200119,3.0740624165108485,1.8326356527451955,0.7285577949435948,0.2973184779506368,0.0,1.1648323908164602,0.3650340245002146,2.1687176345787686,2.1255031070854926,2.735382066301514,3.0839763397586664,2.5371643208452213,2.5789303196281197,1.9168754346364203,1.663051332455575,1.5672787414328568,1.2175694951591494,0.19361632041750765,0.6557406861641004,1.4759325487920134,0.8320546276471976,0.5717209835387729,2.4877423396222773,2.325656947428895,2.6110374730990027,1.688018977515637,8.203756177783472,4.538060514881442,4.311298889571098,2.7039599305292317,3.7404659980031187,3.1740142987643534,3.6465041295622553,3.001706372848999,4.689448276053388,4.586404501635036,4.321314047958237,3.9140499515058123,4.75499205990776,4.815846076768461,5.533546251263359,6.726902417916926,6.335198194235357,5.799360019197156,2.256381958161292,3.905579639013628
