,3ALA,4MET,5THR,7VAL,8ARG,12THR,14ASP,16LEU,17ASN,18LEU,19ARG,20GLY,22LEU,23ASP,24GLY,26ARG,27TRP,28ARG,29ARG,30ALA,31GLU,33ALA,34GLN,35SER,36ARG,37ARG,39GLY,40ARG,41SER,42ARG,44GLY,45GLY,46ALA,48LEU,49ARG,50TYR,52ARG,53THR,54GLY,55VAL,56GLY,57MET,58SER,59ARG,60THR,61GLY,63GLY,64SER,65ARG,67VAL,Averages
R1,0.018191312677517724,0.0,0.0,0.0,0.0,0.3801520213222662,0.0,0.8827919974240925,1.402387635598397,0.964786997448351,0.9598445379462106,0.0,0.3482704259539988,0.6696396521000214,0.1579435916670704,2.001629637524033,1.205378250003482,0.9366617501137391,0.4889616891545554,0.14446882021086083,0.0,0.0,0.0,0.7102623141501461,1.4205274455012158,0.7818248381177899,0.9291743255595746,2.50840605511876,0.9088643219082386,0.8605654884790712,1.3455540370079726,0.9220323060267701,0.7198547198731855,0.19729980589386376,0.8330628394172976,1.159481857402437,1.550872246822542,1.4391058940650918,1.7113332304630462,1.4320030281300378,0.3653493259795726,1.5486043428418945,0.21187470449444978,1.727711171586114,1.3158617650278468,1.5885251199974153,0.48376723451022374,0.4145404008388387,0.0,0.6825578251749365,0.8464718956322519
R2,0.0,0.0,0.0,0.0,0.0,0.0,0.0,0.0,0.0,0.0,0.0,0.0,0.0,0.0,0.0,0.0,0.0,0.0,0.0,0.0,0.0,0.0,0.0,0.0,0.0,0.0,0.0,0.0,0.0,0.0,0.0,0.0,0.0,0.0,0.0,0.0,0.0,0.0,0.0,0.0,0.0,0.0,0.0,0.0,0.0,0.0,0.0,0.0,0.0,0.0,0.0
hetNOE,0.0,0.21418718565018136,0.5941836124731275,0.0,0.0,0.0,0.11050711197614116,0.0,0.0,0.5754033222327806,0.4349960985015153,1.815161026288726,1.2127986466658283,1.112084712074095,1.0131714066860797,0.0,0.0,0.0857251528745604,0.9758156160365985,0.548838142122837,1.0237083130535969,1.5976557720435065,1.1725982180222911,0.8861893639920206,0.0,0.0,0.0,0.0,0.0,0.0,0.0,0.0,0.0,0.2810646566472621,0.5451993597357621,0.0,0.0,0.6565210003868769,0.0,0.0,0.2788042534209343,0.0,0.5048369615769888,0.0,0.0,0.0,0.0,0.6714518180409583,2.2661962731198746,7.230952058404377,0.7880204043447578
