,5GLN,6ALA,9VAL,10LYS,11VAL,12ASP,13GLY,14SER,15GLU,17LYS,19SER,24LYS,25ARG,28LYS,29ALA,30GLU,31LYS,33VAL,34ALA,35GLU,36LYS,41LYS,42GLU,45GLU,49SER,51ALA,52THR,53ALA,54ALA,56THR,59THR,60THR,61ASP,62ASN,63GLY,65GLY,67GLU,68GLU,70SER,72ASP,Averages
R1,0.0,0.0,0.0,0.9701710601433382,0.5823831336196963,1.3473400892251237,2.39550019064231,2.5603494646622837,1.2775198457947599,3.2925143445809804,3.2841562793760852,1.632219637805553,1.168052548608479,2.5004699566387103,3.175196024461836,0.22500810863744514,0.0,2.5504014162897257,1.8423458061312066,1.3722553517696205,2.335195225351694,1.2593487355607107,4.092780237594627,1.2084128096023656,0.42646307030801145,1.1223991892448466,0.0,0.08731143645471007,0.0,0.9546957175457724,0.0,1.3517659792607448,0.08808894672942391,0.1549386356252036,0.0,2.064942889226701,1.8746936740085758,0.5403005300039105,0.5135408932560219,3.3486827637551153,1.534781002880452
R2,0.0,0.0,0.0,0.0,0.0,0.0,0.0,0.0,0.0,0.0,0.0,0.0,0.0,0.0,0.0,0.0,0.0,0.0,0.0,0.0,0.0,0.0,0.0,0.0,0.0,0.0,0.0,0.0,0.0,0.0,0.0,0.0,0.0,0.0,0.0,0.0,0.0,0.0,0.0,0.0,0.0
hetNOE,24.159991312117736,21.887358182321062,4.388049821667,6.767152772876622,7.764541164173151,5.83388672923405,4.356203612246248,4.0478861672883255,2.8603106290257077,1.307130223837326,3.2679654493046826,1.5232081866060718,2.1526970601231388,2.5502033159532953,1.711507033996996,4.64404293246939,11.118622431581398,1.9349350671057932,1.749696809212697,7.167177785827485,0.30635774829855045,4.633802225125271,2.0656654338241984,5.757347005332976,3.8529813534929476,5.058502874998648,9.916658967152099,9.822857005534305,11.139283923841434,11.863730388752947,7.350616572849262,11.520957510065328,11.07458959759288,14.481758385051231,11.58680695323764,11.847082886581136,12.14707932179501,12.065805675772726,18.531783470005717,18.32245496487053,9.597148390669329
