,5GLN,6ALA,9VAL,10LYS,11VAL,12ASP,13GLY,14SER,15GLU,17LYS,19SER,24LYS,25ARG,28LYS,29ALA,30GLU,31LYS,33VAL,34ALA,35GLU,36LYS,41LYS,42GLU,45GLU,49SER,51ALA,52THR,53ALA,54ALA,56THR,59THR,60THR,61ASP,62ASN,63GLY,65GLY,67GLU,68GLU,70SER,72ASP,Averages
R1,2.2050263503828744,0.8425865700113435,0.6811647273599406,1.359401979159363,1.9924280888798518,2.698491828874506,4.166353527085336,4.258144529878164,1.8305763794676766,2.5753562333652877,3.473248846919409,2.762793019131641,4.3837970500154215,4.160710662326421,4.4990610439937075,2.0708092258859225,0.0,1.9981922855753296,1.551356980576669,0.37131223400924274,1.9624183058229385,2.141932438207255,4.262940351570136,1.0681848152659956,1.4135015033414287,2.003066717584276,0.9958965663702157,2.1167928913851215,1.6926005036420202,2.2062723878026596,0.0,3.1117156488631164,2.0595388452379795,1.7541542690813436,2.3223631851302664,0.06139381973874669,0.0,0.0,0.0,1.782310309915232,2.230913250665464
R2,0.0,0.0,0.0,0.0,0.0,0.0,0.0,0.0,0.0,0.0,0.0,0.0,0.0,0.26316965510715806,0.5455384814175976,0.0,0.5619389193544457,0.051576338379090814,0.0,0.28539715722669534,0.0,0.0,0.0,1.2942016093551532,0.5457285697867358,0.0,0.7582100769541056,0.0,0.0,0.0,0.0,0.0,0.0,0.0,0.0,0.0,0.0,0.03553510507924784,0.0,0.0,0.0
hetNOE,14.278359237982741,15.343032261666767,1.3255721097792197,4.52001868684478,4.485822630992364,2.5567183919318177,0.7838252718362606,1.2108146944390215,2.301621596777478,2.586851781629925,5.6963940600279335,3.2517314291599204,0.386063496136281,3.1602965496334585,3.163877978938065,6.146764786434791,14.33476007758947,5.171190078058501,5.441749919560982,11.295696611548134,4.684899606840044,6.863845467268189,4.708818493797977,8.907094742046855,5.685741409923831,6.528027902142861,10.421616280901233,9.179824121364655,9.227593239022704,10.591436380753253,6.894046864778895,9.87225508715881,8.485963328644809,11.833817718169612,7.5319985446209845,6.547131969386188,9.219804688802943,9.947129051374072,17.444299377812268,16.196016389216357,8.289679539776209
