,3ALA,4MET,5THR,7VAL,8ARG,12THR,14ASP,16LEU,17ASN,18LEU,19ARG,20GLY,22LEU,23ASP,24GLY,26ARG,27TRP,28ARG,29ARG,30ALA,31GLU,33ALA,34GLN,35SER,36ARG,37ARG,39GLY,40ARG,41SER,42ARG,44GLY,45GLY,46ALA,48LEU,49ARG,50TYR,52ARG,53THR,54GLY,55VAL,56GLY,57MET,58SER,59ARG,60THR,61GLY,63GLY,64SER,65ARG,67VAL,Averages
R1,0.0,0.17955858963572702,0.0,0.0,0.4214325404656911,0.8420891916450282,0.0,0.3993736229770837,0.38915151961451144,0.32445469359051304,0.2834581471915445,0.06291393337100892,0.17605722998918027,0.0,0.0,0.766549799648381,0.8466163784805034,0.2486706735452071,0.0,0.15763922920872542,0.0,0.0,0.0,0.47257592451400443,1.5107610468751984,0.9996605410698476,1.6140092880074475,2.6821111745553914,1.0633273983548222,1.5818619406379568,1.0165406500625136,2.145389536432836,2.064940187448022,0.874930035103892,1.3417810359182076,1.577206948154942,1.8018426680008597,2.3521852990675067,1.8178621672806186,1.8389760465887681,1.1345303744817605,2.222263535759118,1.2688792782947407,2.1297547148463125,1.4136316478296433,1.138010958787251,0.6588393800186791,0.8388951659888484,0.0,0.0,0.9641818137292928
R2,0.0,0.0,0.0,0.0,0.0,0.0,0.0,0.0,0.0,0.0,0.0,0.0,0.0,0.0,0.0,0.0,0.0,0.0,0.0,0.0,0.0,0.0,0.0,0.0,0.0,0.0,0.0,0.0,0.0,0.0,0.0,0.0,0.0,0.0,0.0,0.0,0.0,0.0,0.0,0.0,0.0,0.0,0.0,0.0,0.0,0.0,0.0,0.0,0.0,0.0,0.0
hetNOE,4.2518199019407685,4.764463808388305,0.6364713152370105,1.129510214606598,0.4982410576620233,0.0,0.014351655720052703,0.0,0.0,0.0,0.0,0.0,0.0,0.0,0.25867134781006684,0.0,0.0,0.0,0.0,0.0,0.0,0.010476639332175353,0.0,0.0,0.04378747862910348,0.07067925647971562,1.600219289799111,2.279788086977844,1.5170063049470563,3.0069522085682987,2.7613403910722485,5.1237286197205325,3.885125757643598,2.4810357457707677,1.9874015890824515,2.2423988429543624,2.806741465662756,2.6586466296026896,2.588067783642715,3.9734061737169766,3.3577483036458675,3.252657330974416,3.050188084078128,2.338655805149103,2.2815286575701816,2.4248341184384454,2.5088208572545874,2.1036438071009775,1.3499041197751902,0.19932269608927333,1.856856466026969
