,5GLN,6ALA,9VAL,10LYS,11VAL,12ASP,13GLY,14SER,15GLU,17LYS,19SER,24LYS,25ARG,28LYS,29ALA,30GLU,31LYS,33VAL,34ALA,35GLU,36LYS,41LYS,42GLU,45GLU,49SER,51ALA,52THR,53ALA,54ALA,56THR,59THR,60THR,61ASP,62ASN,63GLY,65GLY,67GLU,68GLU,70SER,72ASP,Averages
R1,2.427347182101812,1.257666400226415,1.0825056710552388,1.311293008752397,1.250735468504033,2.669475721114578,4.801464614451721,5.014841838375603,2.1810146556091885,2.991111996874546,4.14893544557984,3.8419773519626093,2.6173711018777177,4.030911726205414,3.7905215014531732,1.9938890311533752,0.0,1.9343349777378935,2.1210569608723286,1.2248974788396025,1.984719724065854,1.8424643169744064,4.380181935536191,0.45410331093347334,2.8838801630051503,1.40066102858753,0.0,1.174403966429391,0.7782840356051217,1.8159864817035833,0.0,3.027835873599165,2.0224410081105857,2.5501790351816123,2.664703151963442,0.0,0.0,0.0,0.0,3.28238336410889,2.3209989943627103
R2,0.0,0.0,0.0,0.0,0.0,0.0,0.0,0.0,0.0,0.0,0.0,0.0,0.0,0.0,0.10830693692451643,0.0,0.0,0.0,0.0,0.0,0.0,0.0,0.0,0.0,0.0,0.0,0.0,0.0,0.0,0.0,0.0,0.0,0.0,0.0,0.0,0.0,0.0,0.007857968377437574,0.0,0.014437140898628575,0.0
hetNOE,14.232740816870086,13.687393288639555,0.8536898476510903,4.946844347600726,4.8180896513490925,2.762551199260152,0.0,0.0,1.5309562596734518,1.8312338495825484,2.543615780436552,1.1076050002480073,1.8419795991058199,1.9750091031747137,1.5474319978948956,3.8732569004708255,11.806254387828847,2.137073979435018,1.5536466155696855,8.124261432288225,2.3681739240196467,5.54710880913407,2.986079060483807,5.6278118005019815,2.9716743468980695,4.711801305827282,8.777606787097026,8.977903160655837,9.50104686318686,11.08312708754931,5.401701483188822,9.151457092550697,8.208733629826472,10.766525027750925,7.14465055845981,6.492773624731213,9.869755171451798,10.675104045118433,19.031514923587913,18.957065525337622,7.710612041421101
