,3ALA,4MET,5THR,7VAL,8ARG,12THR,14ASP,16LEU,17ASN,18LEU,19ARG,20GLY,22LEU,23ASP,24GLY,26ARG,27TRP,28ARG,29ARG,30ALA,31GLU,33ALA,34GLN,35SER,36ARG,37ARG,39GLY,40ARG,41SER,42ARG,44GLY,45GLY,46ALA,48LEU,49ARG,50TYR,52ARG,53THR,54GLY,55VAL,56GLY,57MET,58SER,59ARG,60THR,61GLY,63GLY,64SER,65ARG,67VAL,Averages
R1,0.0,0.687382312134722,0.22941097873794858,0.25669328330619345,1.4691952614810648,1.4863341133903023,0.4975395673899088,0.28796850676711094,0.40827676990632233,0.08123070283085121,0.01669124294547286,0.0,0.0,0.7763100520179105,0.8469159501607015,0.675886706900017,0.9271516097417212,1.1933628620821848,0.09047988201184243,0.018332305571668872,0.0,0.0,0.0,0.3546888513017996,1.216884720863551,0.2781860401523035,0.2771109616875036,2.4007254492136276,0.0,0.17037379481133152,0.0,2.235416305763908,1.726844002218328,0.9344545076731878,1.6554116020599787,1.329780287838743,1.794483393545609,1.9227006435577678,2.567341026494817,2.350905574959051,1.8625147104604265,3.046482472152351,1.808408846670294,2.97882469837868,1.8393170425332306,1.8446870352863494,1.6593740979331635,2.189312344902046,0.8749913508957619,0.0,1.1609092014020703
R2,0.0,0.0,0.0,0.0,0.0,0.0,0.0,0.0,0.0,0.0,0.0,0.0,0.0,0.0,0.0,0.0,0.0,0.0,0.0,0.0,0.0,0.0,0.0,0.0,0.0,0.0,0.0,0.0,0.0,0.0,0.0,0.0,0.0,0.0,0.0,0.0,0.0,0.0,0.0,0.0,0.0,0.0,0.0,0.0,0.0,0.0,0.0,0.0,0.0,0.0,0.0
hetNOE,6.6355737900109855,7.61594642094815,4.173571336436936,3.937131004138762,3.963168948798523,2.1175496693600895,0.03959878013804463,0.0,0.0,0.0,0.0,0.0,0.0,0.15817235003038355,1.2145617668301134,0.4042495826365413,0.3743792667021908,0.38195472299005195,0.0,0.0,0.0,0.0,0.0,0.0,0.0,0.08331283840722037,0.0,1.5782227358573162,0.0,0.44342036471445323,0.14195497158356196,4.3458131902778865,1.9643057196858713,2.7502141050963447,2.2186380332913047,2.4464063495084694,3.1922098023420977,3.316874360003956,4.435456287057254,5.08321387844033,4.5528661289619485,4.911059137109755,4.706784501562218,4.686966261336353,4.586723498773859,5.077708707232679,6.2993209320181816,6.336133424732216,5.488039207366771,2.168476423607416,2.950727881438357
