,3ALA,4MET,5THR,7VAL,8ARG,12THR,14ASP,16LEU,17ASN,18LEU,19ARG,20GLY,22LEU,23ASP,24GLY,26ARG,27TRP,28ARG,29ARG,30ALA,31GLU,33ALA,34GLN,35SER,36ARG,37ARG,39GLY,40ARG,41SER,42ARG,44GLY,45GLY,46ALA,48LEU,49ARG,50TYR,52ARG,53THR,54GLY,55VAL,56GLY,57MET,58SER,59ARG,60THR,61GLY,63GLY,64SER,65ARG,67VAL,Averages
R1,0.0,0.948609522345415,0.31498739231718087,0.42504286211593656,1.5162020478916656,1.7231938209472104,1.0290835595553376,1.7363446934633058,1.6547711316440084,0.9548533895285622,1.5399662469840072,1.2933402126610782,1.4362844683244052,1.352717633360113,0.8982423523267264,1.919982770784265,1.267805101869938,1.468242127608749,0.4862218733591517,0.3142700293262133,0.17198276309988314,0.0,0.0,0.37464594566514897,1.149658381201995,1.4860501281433676,1.6497813692635832,2.640303481385009,1.4630400556360774,2.0966411540595518,1.6398334849747336,2.638730146848631,2.391764917643096,1.734776918382853,1.7481211303108002,1.7310331417306433,2.10480506872964,2.268860810716333,2.417158591833499,2.578005628786053,1.262619116775586,2.3172549161607563,1.0874054231049133,2.414593826807862,1.6406071583472808,1.6238135517785297,1.062574221188719,1.3988938182152384,0.29818844793523236,0.0,1.4595295677352444
R2,0.0,0.0,0.0,0.0,0.0,0.0,0.0,0.0,0.0,0.0,0.0,0.0,0.0,0.0,0.0,0.0,0.0,0.0,0.0,0.0,0.0,0.0,0.0,0.0,0.0,0.0,0.0,0.0,0.0,0.0,0.0,0.0,0.0,0.0,0.0,0.0,0.0,0.0,0.0,0.0,0.0,0.0,0.0,0.0,0.0,0.0,0.0,0.0,0.0,0.0,0.0
hetNOE,8.561692593243558,8.984368846052837,4.206823338064346,3.512266027890715,4.012931403210566,2.3175579493738954,1.2593975240909123,2.75242437814552,1.7510120006649657,1.5450998578965813,2.6134381766594603,1.7898617351702848,2.837758508454531,2.050525073083025,1.3098578176968592,2.7213349649130283,1.595244056400702,1.243591446777696,0.7260700750327467,0.7759133217181045,0.5206124229971496,0.0,0.0,0.0,0.46879995833359533,1.5979880721250552,2.1124779810438157,3.0111225043012917,3.442351685192336,5.294148445281979,4.592355683504742,6.757831812407413,4.845052815831703,4.878649636124678,3.2915237033355575,3.168499690720023,3.2154402633661467,3.6049867130422726,4.3107845818551365,5.886461740355203,3.643223459924683,4.152818746954215,3.240587000194031,3.7962702570704767,4.203183977865314,4.5187409870307,4.313924596472568,3.7785620903758375,2.770646740138215,1.110269784337313,3.503304667345124
