,5GLN,6ALA,9VAL,10LYS,11VAL,12ASP,13GLY,14SER,15GLU,17LYS,19SER,24LYS,25ARG,28LYS,29ALA,30GLU,31LYS,33VAL,34ALA,35GLU,36LYS,41LYS,42GLU,45GLU,49SER,51ALA,52THR,53ALA,54ALA,56THR,59THR,60THR,61ASP,62ASN,63GLY,65GLY,67GLU,68GLU,70SER,72ASP,Averages
R1,2.5531842038657375,1.5882073005670816,1.6581850500701094,2.0126380456160033,1.9556208990263135,2.980978752182201,4.759134894478428,4.733528399037135,2.1833261180230976,2.972351995200575,3.7689319333004736,2.566400263119946,2.4635981247467966,3.9781329747735636,4.0419111564097845,1.3602265018691462,0.0,2.807807523896911,2.0290953521836133,0.29345426812767705,1.8445459813683835,0.9984405147942221,4.290294081626623,1.5105968946505102,0.9179568752150717,0.33958808306839927,0.0,0.0,0.0,0.0,0.0,2.5942067830742657,1.856263025421673,1.455083375892468,1.617049407854946,0.0,0.0,0.0,0.0,2.48779966570828,2.0842763756969873
R2,0.0,0.0,0.0,0.0,0.0,0.0,0.0,0.0,0.0,0.0,0.0,0.0,0.0,0.0,0.0,0.0,0.152970228745551,0.0,0.0,0.0,0.0,0.04207241441467513,0.0,0.0,0.0,0.0,0.0,0.0,0.2380231504814181,0.0,0.0,0.0,0.0,0.0,0.0,0.0,0.0,0.0,0.0,0.0,0.0
hetNOE,13.345132366867894,13.31364124917315,0.0,4.113801783938886,3.7774779302308783,2.522708364800958,0.3339031871989875,1.0281878754183955,2.092414530320953,1.922457837448594,2.9255614341489964,1.522660100509313,2.064253679213992,2.3363413594612767,2.195613639671534,5.251329834741323,13.084757219421027,3.275523407350903,3.7684665442025684,10.00962726569461,3.41892391559539,8.263987686606962,5.1009332704000645,8.38212531950006,5.408690359851331,6.703185654518587,11.027422179863287,11.23848069201708,12.60769228611527,14.301357449146899,7.216895302438315,10.292648717467841,8.54764003867402,12.275285716742268,9.029570490203145,7.396669589260503,10.394107994020377,11.20776063627969,18.20810494309503,16.764249797469926,8.473765377295662
