,5GLN,6ALA,9VAL,10LYS,11VAL,12ASP,13GLY,14SER,15GLU,17LYS,19SER,24LYS,25ARG,28LYS,29ALA,30GLU,31LYS,33VAL,34ALA,35GLU,36LYS,41LYS,42GLU,45GLU,49SER,51ALA,52THR,53ALA,54ALA,56THR,59THR,60THR,61ASP,62ASN,63GLY,65GLY,67GLU,68GLU,70SER,72ASP,Averages
R1,3.1121986294022346,2.3426524755025526,1.282782306061911,2.7190989917694393,1.9690703064951522,3.42934738829541,4.242800867724766,4.828945482051392,2.259990812082002,3.0056273075010917,3.7276841268181213,4.007209684343458,3.559917570797621,5.9481887402176365,5.7845882525902885,3.6078849684306062,1.2758340457768456,3.2504109887917947,3.717259371806656,3.215892076186055,3.9216402179264236,1.8290850868765633,5.223636634105132,0.0,2.7558361185457683,3.299481777130211,2.242839125890551,3.827266762626998,2.6568662119938025,3.193664597517593,0.05214325413315568,4.396654756824749,3.4865497668015006,3.6871574989649023,3.313945038082391,1.3486905457880902,0.8718517845354117,1.2978167608517501,1.1919674730920922,0.0,3.1551307212813375
R2,0.0,0.0,0.0,0.0,0.0,0.0,0.0,0.0,0.0,0.0,0.0,0.0,0.0,0.0,0.0,0.0,0.0,0.0,0.0,0.0,0.0,0.0,0.0,0.0,0.0,0.0,0.0,0.0,0.0,0.0,0.0,0.0,0.0,0.0,0.0,0.0,0.0,0.0,0.0,0.0,0.0
hetNOE,9.882053238698806,10.072012936764974,0.8402550131250022,0.8343122569249803,2.630175437406172,0.27936148079047185,0.0,0.0,0.5997846572942613,0.0,1.0268732124565867,1.3590929657723678,1.1620605936102946,3.1675228401994246,3.3987030752456153,0.5119051723693104,4.904537360847469,1.8096194408567579,1.6683316871204,1.8210499826150182,1.9335293732946415,1.816857639090005,0.0,2.194004833656508,0.0,0.0,3.87984225059032,3.127181800302992,4.631369654613496,6.656444810672089,0.6137259078833666,4.370257232534313,3.424029008460942,6.785103552164078,2.5810477703312347,2.140964507707132,2.0787558484446453,1.671613362284607,8.13787688997966,6.098640321642759,3.53028655602556
