,5GLN,6ALA,9VAL,10LYS,11VAL,12ASP,13GLY,14SER,15GLU,17LYS,19SER,24LYS,25ARG,28LYS,29ALA,30GLU,31LYS,33VAL,34ALA,35GLU,36LYS,41LYS,42GLU,45GLU,49SER,51ALA,52THR,53ALA,54ALA,56THR,59THR,60THR,61ASP,62ASN,63GLY,65GLY,67GLU,68GLU,70SER,72ASP,Averages
R1,0.0,0.0,0.0,0.0,1.4263549602883683,0.7355518915651988,3.5682242673891578,2.2024142676926255,1.3650700992425429,1.2654544261320013,2.884024617625993,3.0849356123700913,2.512980493453667,3.890530188322864,5.887743558373496,3.1699632997935385,0.23918874827842407,2.9864502101671118,2.698820634751934,1.813693858145979,2.4141095200333904,2.1718295141560535,5.348844431611643,1.4859866795460843,1.4309029624118432,1.927912728184121,0.554288516248101,2.5095341177068966,1.9182329812606143,2.2555485948277805,0.0,3.066685810677649,1.9297331895609275,1.806462197368794,1.0161062534397511,0.0,0.0,0.0,0.06697919256337515,0.3367077702802286,2.086399834834182
R2,0.0,0.0,0.0,0.0,0.0,0.0,0.0,0.0,0.0,0.0,0.0,0.0,0.0,0.0,0.0,0.0,0.0,0.0,0.0,0.0,0.0,0.0,0.0,0.17633068311812838,0.0,0.0,0.0,0.0005047514531659747,0.007541638781314308,0.0,0.0,0.20897145753105373,0.6738919988461862,0.19859866927868963,0.17320096257872009,0.46741017519818917,0.6279851044814513,0.6524920039908229,0.0,0.0,0.0
hetNOE,24.40726403290403,21.10192883379098,6.831313546304277,9.643717935270232,8.280072371725108,7.748316940230312,5.63418829016555,5.703154630713449,5.623569213646778,5.242177431020722,6.390336156659196,1.0443131631411426,2.410503676462258,2.7272825090120776,0.5561434942079346,2.20878030815282,9.469626811026794,0.0,0.03780077122229142,6.4825112564093565,0.22876790572576322,4.175200042374201,1.3905907745184418,7.890718790722293,4.206184242945744,4.995024494755878,8.657672649606605,8.265152890201014,9.297749809318727,11.916858572991051,7.594239932390915,11.431298973449449,10.871047000452917,14.383824722546535,11.408451410891853,10.009365307165151,11.128959668084553,10.968486865192896,15.71283100833832,8.822655376437387,9.103277382295275
