,5GLN,6ALA,9VAL,10LYS,11VAL,12ASP,13GLY,14SER,15GLU,17LYS,19SER,24LYS,25ARG,28LYS,29ALA,30GLU,31LYS,33VAL,34ALA,35GLU,36LYS,41LYS,42GLU,45GLU,49SER,51ALA,52THR,53ALA,54ALA,56THR,59THR,60THR,61ASP,62ASN,63GLY,65GLY,67GLU,68GLU,70SER,72ASP,Averages
R1,1.7893568927357455,1.0606107955650592,0.7850098425025298,2.120829909504108,1.1379034790331124,2.619241847912142,3.740412422343147,3.819688575623246,2.1902483196254243,2.4715396281446154,4.271120573882522,4.113827492565957,3.740583559596221,4.411547729182737,4.753202461900357,0.8675304786858589,0.0,1.8461559619668035,2.443734308148725,2.3740671566611806,2.816975039686784,1.3470324026293863,4.928413889763354,1.1311276121064933,2.015435677504768,2.8423214315798253,2.0588507352567724,3.576415350111472,2.69652834865438,3.2215403683932387,0.0,3.9139687819324953,2.3742635792957505,2.620504936413891,1.5230257156730205,0.0,0.0,0.0,0.0,3.4102354667056973,2.556577120816276
R2,0.0,0.0,0.0,0.0,0.0,0.0,0.0,0.0,0.0,0.0,0.0,0.0,0.0,0.0,0.0,0.0,0.0,0.0,0.0,0.0,0.0,0.0,0.0,0.0,0.0,0.0,0.0,0.0,0.0,0.0,0.0,0.0,0.0,0.0,0.0,0.0,0.0,0.0,0.0,0.0,0.0
hetNOE,14.64192191142222,13.308746326967603,0.0,2.547301325668942,4.114740758445516,2.0509268066763693,1.0902499344933658,0.2979380477746749,0.6773736075934136,0.0,0.0,0.6038844228919298,0.0,1.1689105253625307,0.7713995114026473,4.5050965738785225,11.443527233654702,1.4773820975810015,0.6504478220675523,5.628149999673571,0.0,3.1383778230407,0.15744409558950379,3.704381186017579,0.0,0.0,2.9757021436430895,2.519249467179175,3.35407648763461,5.510537922102428,2.906809199466018,6.880166491173466,6.149708192674701,9.816983147123581,7.500207257815706,6.939800419680963,8.227660659946121,7.990369299663289,17.581168825905348,18.019898857248076,6.316274007792288
