,3ALA,4MET,5THR,7VAL,8ARG,12THR,14ASP,16LEU,17ASN,18LEU,19ARG,20GLY,22LEU,23ASP,24GLY,26ARG,27TRP,28ARG,29ARG,30ALA,31GLU,33ALA,34GLN,35SER,36ARG,37ARG,39GLY,40ARG,41SER,42ARG,44GLY,45GLY,46ALA,48LEU,49ARG,50TYR,52ARG,53THR,54GLY,55VAL,56GLY,57MET,58SER,59ARG,60THR,61GLY,63GLY,64SER,65ARG,67VAL,Averages
R1,0.0,0.0,0.0,0.0,0.3574354622947835,0.8868124068259047,0.0,0.0,0.7102815263553741,0.0,0.22742564277801414,0.0,0.5908814441919459,0.37171161261431496,0.2854918740465022,0.3226876301199959,0.4049783752049696,0.6907727018605707,0.4130739649186135,0.29384272467238204,0.0,0.03345688910726863,0.0,0.02284817249568527,0.7625097902020184,0.9215177947159867,0.1540508837054042,1.7304429394729226,0.22224713118926664,0.4227056469024102,0.9298745887672764,2.0131638440232478,1.6047222336919091,0.48509622757300064,0.9430420227489236,0.776038445435699,1.1965619015124838,1.9383039741489307,1.682324952925784,1.4401940967884852,0.27515026687939903,1.7000508446727953,0.2586853293228346,1.6038171372559002,0.9410516421063839,0.5387894528781803,0.6512749996748566,0.8119088609901117,0.0,0.19468928425305632,0.6626316315341332
R2,0.0,0.0,0.0,0.0,0.0,0.0,0.0,0.0,0.0,0.0,0.0,0.0,0.0,0.0,0.0,0.0,0.0,0.0,0.0,0.0,0.0,0.0,0.0,0.0,0.0,0.0,0.0,0.0,0.0,0.0,0.0,0.0,0.0,0.0,0.0,0.0,0.0,0.0,0.0,0.0,0.0,0.0,0.0,0.0,0.0,0.0,0.0,0.0,0.0,0.0,0.0
hetNOE,3.2595004439973723,3.738881470829499,0.8030925303800895,0.0,0.0,0.0,0.7782516713416774,0.0,0.0,0.7205910030876608,0.0,0.4621147728824957,0.0,0.0,0.1348884694985566,0.0,0.0,0.0,0.0,0.0,0.0,0.4912452039809656,0.09843834931687034,0.29631930837069076,0.0,0.0,0.0,0.0,0.0,0.44009881964613773,1.4618920732100933,3.838886764347828,2.721707418460496,1.7361560927401642,0.982967296698162,0.7144532228810916,0.92470177192406,1.6288380186134286,1.826967379180663,2.3847020082884276,1.1809942776916023,2.34530056648546,0.7959538618067712,1.502889559383826,1.7615686629556766,1.7493043764933343,3.1679034542790276,2.7760788402196077,0.9502905118694946,0.8720041186008984,1.1635686621680175
