,5GLN,6ALA,9VAL,10LYS,11VAL,12ASP,13GLY,14SER,15GLU,17LYS,19SER,24LYS,25ARG,28LYS,29ALA,30GLU,31LYS,33VAL,34ALA,35GLU,36LYS,41LYS,42GLU,45GLU,49SER,51ALA,52THR,53ALA,54ALA,56THR,59THR,60THR,61ASP,62ASN,63GLY,65GLY,67GLU,68GLU,70SER,72ASP,Averages
R1,1.7788213388424041,0.8078525035071606,1.044733621873808,1.7783949343839085,1.762194555299586,2.7088501832624345,4.703971121684542,4.068440792620848,2.0107636935297375,2.8916007627774634,3.923734343332817,4.366134737730488,3.578000298249547,4.330256521205848,4.768698910319121,2.9920421395994095,1.0388891567817584,3.2792919386812054,2.6070314810440864,0.5911502497141117,2.3176068835550097,0.8480593995690626,4.488921205488863,1.3512829663759622,0.7785642424251922,1.9638107525870137,0.21829876218946387,2.5047313644586775,1.7811923180518212,1.9165020072961672,0.0,2.575505860693371,1.4075226075155713,1.7102490713525467,2.347248936985745,0.06741263138483422,0.0,0.0,0.0,2.158190674433807,2.3847305311876434
R2,0.0,0.0,0.0,0.0,0.0,0.0,0.0,0.0,0.0,0.0,0.0,0.0,0.0,0.0,0.0,0.0,0.0,0.0,0.0,0.0,0.0,0.0,0.0,0.07936936779586712,0.0,0.0,0.0,0.0,0.0,0.0,0.0,0.0,0.0,0.0,0.0,0.0,0.0,0.0,0.0,0.0,0.0
hetNOE,15.690544407719184,16.672848288699743,1.803428005930087,4.730071166631346,4.763477892346814,2.8388157145452437,0.0,1.0349050486354279,2.1267860602380764,1.2854270081224914,2.2500699399900355,0.0,0.0,0.0,0.0,1.0118722544447434,8.567322824584453,0.9821676905857748,1.0196808262676957,8.633020819808552,2.1590270404958245,6.7639171359612575,3.4387648242469853,6.259061378164848,3.1356859363258254,3.3164816961993635,7.660203045391372,6.519407847922427,7.640877325164382,9.662431891003239,5.699389910736418,9.221210335669104,8.083216897302663,11.209644666525804,6.762085130389199,5.430376983373372,7.499252571501,8.411554696697278,15.300767088145953,13.642239614000083,6.950531926945373
