,5GLN,6ALA,9VAL,10LYS,11VAL,12ASP,13GLY,14SER,15GLU,17LYS,19SER,24LYS,25ARG,28LYS,29ALA,30GLU,31LYS,33VAL,34ALA,35GLU,36LYS,41LYS,42GLU,45GLU,49SER,51ALA,52THR,53ALA,54ALA,56THR,59THR,60THR,61ASP,62ASN,63GLY,65GLY,67GLU,68GLU,70SER,72ASP,Averages
R1,2.1136802825334424,1.5099284824340269,0.5269478304977528,1.334329774148673,1.019287966367679,2.1408310758885505,3.8777599497171282,3.7810805230896856,1.102804601357136,2.449136887487171,2.5131030951067808,3.200086278432509,2.8731751587831487,4.393782926956092,3.776474156375083,2.390406229453191,0.0,1.662478060109006,1.6134825289563999,1.7191318185560815,2.4956600074322663,0.4233048388681113,3.5145127748659943,1.9298163119362992,0.6610089951498757,1.113584032329959,0.0,1.1129345456233168,0.6513244792998305,1.3895070995276422,0.0,2.786354516732697,2.197138093740679,2.149996508659641,0.7209318338457922,0.06873568175427858,0.0,0.0,0.0,3.1222462497936867,1.9619205165760873
R2,0.0,0.0,0.0,0.0,0.0,0.0,0.0,0.0,0.0,0.1094312213880213,0.30503325816458937,0.0,0.0,0.0,0.0,0.0,0.0,0.0,0.0,0.0,0.0,0.07939852665533742,0.0,0.10169448163101813,0.014251159710084726,0.0,0.0,0.2107161567013689,0.0783286056306205,0.0,0.0,0.0,0.0,0.0,0.0,0.0,0.0,0.11558678929431365,0.2137646457791602,0.8471100832141045,0.0
hetNOE,15.447728748280603,14.145228362423355,1.9517859221234737,5.7551422092264755,7.246895665767763,5.954158219814471,3.866788476375974,4.546221534232707,6.966656784742616,6.593747040750823,7.541638012015582,2.5194312217050183,2.6961825548225917,3.341363577942145,2.8392607969737833,4.1288976642301005,13.53024951352266,5.0339610455912895,4.089803373474792,9.36112803651831,3.489391321666985,9.138439378362067,6.1419759348824385,9.83461402736043,6.307980251958456,7.900917324667736,11.55131965833591,11.088833928203046,11.75914779685443,12.564812714631644,6.882431168037824,10.539977625129717,8.77219488232144,12.53833765322281,10.45537824706785,7.863301561360686,11.386620061354723,11.587338545835438,19.785876677845717,20.695329481644848,9.438899444246262
