,3ALA,4MET,5THR,7VAL,8ARG,12THR,14ASP,16LEU,17ASN,18LEU,19ARG,20GLY,22LEU,23ASP,24GLY,26ARG,27TRP,28ARG,29ARG,30ALA,31GLU,33ALA,34GLN,35SER,36ARG,37ARG,39GLY,40ARG,41SER,42ARG,44GLY,45GLY,46ALA,48LEU,49ARG,50TYR,52ARG,53THR,54GLY,55VAL,56GLY,57MET,58SER,59ARG,60THR,61GLY,63GLY,64SER,65ARG,67VAL,Averages
R1,0.2440342679644767,0.0,0.0,0.0,0.6556691918176067,0.0,0.0,0.0,0.5173707190395631,0.5853563001009228,0.18198725810410887,0.7651384602033984,0.6538376258197898,0.7343697011951043,1.0522830422529004,1.301254683614863,1.3419384783341135,1.1884374537714621,0.4865196772438929,0.0,0.0,0.0,0.0,0.0,0.2824306496074591,0.19743269055891322,0.9445382435002097,1.5641992012309038,0.5381904290130137,0.4255909244085325,0.0,0.8130192355504875,0.0,0.0,0.2840744338627166,0.10145515149564388,0.5283407881432713,1.1494750752160292,1.365959172880698,0.0413599190903986,0.3014872127202908,1.0506481115467738,0.47979097619518707,1.3506851771283102,0.7444405881386345,0.5556539283282724,0.0,0.0,0.0,1.1308163503283266,0.46870481191037916
R2,0.0,0.0,0.0,0.0,0.0,0.0,0.0,0.0,0.0,0.0,0.0,0.0,0.0,0.0,0.0,0.0,0.0,0.0,0.15094409832480782,0.0,0.0,0.0,0.0,0.0,0.0,0.0,0.0,0.0,0.0,0.0,0.0,0.0,0.0,0.0,0.0,0.0,0.0,1.4714528286411053,0.0,0.0,0.0,0.0,0.0,0.0,0.0,0.0,0.0,0.0,0.0,0.0,0.0
hetNOE,0.0,1.1190776346606084,0.0,0.0,0.14685184817225583,0.0,0.0,0.0,0.0,0.0,0.0,0.0,0.0,0.0,0.0,0.0,0.0,0.8416274304096825,1.8750980002377728,3.0948646945485656,1.5836838940949733,2.5280640949334505,1.9287090088595291,1.6773288935412012,1.0552579718283668,0.27111177503395445,0.0,0.0,0.0,0.0,0.16541411921896154,0.0,0.8183225565495138,2.328934668677322,2.4546730627483826,2.7145636506005717,3.29291502240609,2.7615489115169707,1.868743227478098,1.8396245058437932,1.687399140623151,1.5879070137364004,1.4768216984485059,1.199898426432604,1.4255375599710884,0.9662425947149764,1.8627970487025864,2.1463519233504975,2.9088777460132915,7.1477441472869465,1.4670169439223009
