,3ALA,4MET,5THR,7VAL,8ARG,12THR,14ASP,16LEU,17ASN,18LEU,19ARG,20GLY,22LEU,23ASP,24GLY,26ARG,27TRP,28ARG,29ARG,30ALA,31GLU,33ALA,34GLN,35SER,36ARG,37ARG,39GLY,40ARG,41SER,42ARG,44GLY,45GLY,46ALA,48LEU,49ARG,50TYR,52ARG,53THR,54GLY,55VAL,56GLY,57MET,58SER,59ARG,60THR,61GLY,63GLY,64SER,65ARG,67VAL,Averages
R1,0.0,1.1170692947783363,0.8659302013917172,0.4416856138207472,1.7662973046739419,1.7322232242612299,1.2562599338707128,0.6239435196451681,1.2846338929714758,0.7001948139171639,1.2507138580681936,0.841859779536803,0.6266603427190058,0.33526171689072326,0.01893670593359542,0.4486039351943938,1.2299622368844099,1.0991124336072864,0.6814027789484229,0.0,0.0,0.0,0.0,0.0,1.4009129988437392,1.2893216642947523,1.7881210079235768,3.6511049429830233,1.5851014349427999,1.6839011696855395,0.8658978290388688,3.1132367532853245,2.495764042000567,1.7412683887902438,2.2500605163876726,2.222585144340049,2.37260066167517,2.5088227531734204,2.8858040060462624,2.861634870918021,2.5117940901999565,3.1592274342192965,2.3632795219253913,3.5573507626583236,2.5606107119685717,2.561578549415894,2.185369499948125,2.811785493929388,1.4648356055185419,0.0,1.6806426935316003
R2,0.0,0.0,0.0,0.0,0.0,0.0,0.0,0.0,0.0,0.0,0.0,0.0,0.0,0.0,0.0,0.0,0.0,0.0,0.0,0.0,0.0,0.0,0.0,0.0,0.0,0.0,0.0,0.0,0.0,0.0,0.0,0.0,0.0,0.0,0.0,0.0,0.0,0.0,0.0,0.0,0.0,0.0,0.0,0.0,0.0,0.0,0.0,0.0,0.0,0.0,0.0
hetNOE,7.723837450434626,9.30842520587963,5.694365343934148,4.306314445892788,4.236434183687458,2.809375422209498,2.127973942150336,1.0536387904520548,1.2113540982816198,0.888588800150846,2.347619228857156,1.2854746410761906,0.9974170536551987,0.6411432644072248,0.027505773029267377,0.5416450831141497,1.0201534221788955,0.47762610545312145,0.024812634532680677,0.0,0.0,0.0,0.0,0.0,0.0,1.4121369731673594,2.4958880176121503,3.7447040500211175,3.8762304285713736,3.9347248208206898,3.0345445932163253,9.027338159285838,4.6682660652914825,5.7562838496037525,4.902201994457552,4.7077478397064345,4.833113461901688,5.097420957817985,6.085407418683287,7.396127089873392,7.436505703333443,6.186748208828573,7.363905870493404,7.167050297609325,7.0986221784931764,7.652158483038598,7.990853262698867,8.112057188516243,7.697504504208103,3.6153655533495908,4.584212689510004
