,5GLN,6ALA,9VAL,10LYS,11VAL,12ASP,13GLY,14SER,15GLU,17LYS,19SER,24LYS,25ARG,28LYS,29ALA,30GLU,31LYS,33VAL,34ALA,35GLU,36LYS,41LYS,42GLU,45GLU,49SER,51ALA,52THR,53ALA,54ALA,56THR,59THR,60THR,61ASP,62ASN,63GLY,65GLY,67GLU,68GLU,70SER,72ASP,Averages
R1,2.587441543565422,1.998301966302947,0.2935529359050648,1.1189869875885683,0.134723671883352,1.5871382837051669,3.603892451855357,3.545620234063282,1.0951401397294753,1.8551189487162176,3.4074180425741307,2.9599718657874656,3.3083906536899974,4.265873974138801,5.035099311959186,3.2998743253507437,0.6976938250523772,2.928602484896098,3.8552511076657074,2.712003578383604,3.0141006017627037,2.4475613061615755,5.346988310705354,0.0,2.03451500359963,2.5623891369124534,1.3472319224298563,2.9597289281102426,2.4209885970916605,3.110906244494341,0.0,2.628499359362975,1.3000553497135519,1.850421622374577,1.696647820000543,0.0,0.0,0.2902512226201732,0.32722850617313304,0.2644248518917631,2.4006281838055443
R2,0.0,0.0,0.0,0.0,0.0,0.0,0.0,0.0,0.0,0.0,0.0,0.0,0.0,0.0,0.0,0.0,0.0,0.0,0.0,0.0,0.0,0.0,0.0,0.0,0.0,0.0,0.0,0.0,0.0,0.0,0.0,0.0,0.0,0.0,0.0,0.0,0.0,0.0,0.0,0.0,0.0
hetNOE,13.179363857590102,12.192582954667445,1.1447611164265883,5.919312484621532,7.7200380014724885,5.4357622714482385,2.25579818231755,2.3780150999360345,3.5775428219450998,2.530852550759651,2.6033596147417155,0.0,0.0,0.0,0.0,0.0,6.951476616706586,0.309874083369164,0.734598864122443,3.8908885089172722,0.24235566436296474,1.42456558230485,0.0,1.832223444857707,0.8416961081457373,1.2923615228147343,5.220797525755121,5.1553653366204575,5.956947205726518,7.4936309762625815,5.207600246239051,9.051724846053268,8.728750020479698,12.131783883458095,9.016300009307711,7.960191618344675,8.576533240307597,6.580449889786372,12.82005897107085,8.0551169595679,5.9600283945717045
