,3ALA,4MET,5THR,7VAL,8ARG,12THR,14ASP,16LEU,17ASN,18LEU,19ARG,20GLY,22LEU,23ASP,24GLY,26ARG,27TRP,28ARG,29ARG,30ALA,31GLU,33ALA,34GLN,35SER,36ARG,37ARG,39GLY,40ARG,41SER,42ARG,44GLY,45GLY,46ALA,48LEU,49ARG,50TYR,52ARG,53THR,54GLY,55VAL,56GLY,57MET,58SER,59ARG,60THR,61GLY,63GLY,64SER,65ARG,67VAL,Averages
R1,0.0,0.315597536955895,0.0,0.0,0.12845367941406294,0.4629007918929813,0.0,0.21509137417632118,0.7054283652131044,0.0,0.0,0.0,0.47889912654249533,0.0,0.0,1.40093219168594,0.33769660718265904,1.059189622403891,0.8810886848583614,0.5262685132929155,0.0,0.0,0.0,0.0,0.4543692816481355,0.45522288250095544,0.049377805168102196,1.6167769249052237,0.2125826291005941,0.381623187959512,0.0,1.5216648957301406,1.4013639834130274,0.502699313413447,0.6884841454765567,1.1770786987389683,1.0885662701769432,1.3066135517341406,1.047838369458002,1.306853334756028,0.41858413470515754,1.0114614063885359,0.0,1.6117807856128876,0.5197621954479454,0.2320728762706612,0.10753235815703377,0.932752538253873,0.0,0.2275927792426502,0.5208450863942446
R2,0.0,0.0,0.0,0.0,0.0,0.0,0.0,0.0,0.0,0.0,0.0,0.0,0.0,0.0,0.0,0.0,0.0,0.0,0.0,0.0,0.0,0.0,0.0,0.0,0.0,0.0,0.0,0.0,0.0,0.0,0.0,0.0,0.0,0.0,0.0,0.0,0.0,0.0,0.0,0.0,0.0,0.0,0.0,0.0,0.0,0.0,0.0,0.0,0.0,0.0,0.0
hetNOE,4.228899146073642,5.6049350384410195,1.663209276792232,0.4847318866589745,0.0,0.0,0.10246218139080754,0.0,0.0,0.6343059507198048,0.5436907014197321,2.335316480377255,1.146182224824969,1.116620295696924,1.8949619985653743,0.0,0.0,0.0,0.0,0.0,0.0,0.0,0.0,0.0,0.0,0.0,0.0,0.028602438725061408,0.0,0.20557943627151487,0.0,2.157137901704522,1.8199363914215336,0.8349908679319431,0.20311970626550901,0.538760018887676,0.16568616388493584,0.41697175626607885,0.671688715550758,1.8607210354522241,0.9704806105105577,0.7097463157222985,0.0,0.6278817286936671,0.3917483974342799,0.5282831065013092,1.0552219571814954,2.4376596302409856,0.2638584119085139,1.6667816119162335,1.0050070540657141
