,3ALA,4MET,5THR,7VAL,8ARG,12THR,14ASP,16LEU,17ASN,18LEU,19ARG,20GLY,22LEU,23ASP,24GLY,26ARG,27TRP,28ARG,29ARG,30ALA,31GLU,33ALA,34GLN,35SER,36ARG,37ARG,39GLY,40ARG,41SER,42ARG,44GLY,45GLY,46ALA,48LEU,49ARG,50TYR,52ARG,53THR,54GLY,55VAL,56GLY,57MET,58SER,59ARG,60THR,61GLY,63GLY,64SER,65ARG,67VAL,Averages
R1,0.0,0.47812693098697157,0.7025821434872463,0.0,0.6672160517206005,0.8130301984259234,1.124252927865526,1.2231774025236066,1.8791940785908534,1.2074192215813997,1.3789872191168238,0.5473230066547969,0.9501525968500288,0.47879940878976357,0.32265278025252253,1.458109348573121,0.9556703066428822,1.290997744555423,0.4795849825311951,0.0,0.0,0.0,0.0,0.0,1.3702459153233089,0.27805334297605255,0.44052818816298545,0.2366602943724443,0.07640160870497015,0.01528074430445514,0.019639064753725233,1.1643129223954642,0.7874029989573266,0.21895094592135877,0.4138806778119246,1.7128199509470776,1.5848381711644648,1.956168465362139,1.8100816199182588,1.8677870333009925,1.6769429150523036,2.2824100083983105,1.444756777159518,2.513659506143673,1.6428039731589865,1.462024575591721,1.0202249652078756,0.8328641223587387,0.0,0.0,0.9579419873545585
R2,0.0,0.0,0.0,0.0,0.0,0.0,0.0,0.0,0.0,0.0,0.0,0.0,0.0,0.033106378441274176,0.0,0.0,0.0,0.0,0.0,0.0,0.0,0.0,0.0,0.0,0.0,0.0,0.0,0.0,0.0,0.0,0.0,0.0,0.0,0.0,0.0,0.0,0.0,0.0,0.0,0.0,0.0,0.0,0.0,0.0,0.0,0.0,0.0,0.0,0.0,0.0,0.0
hetNOE,7.1288654254050865,6.293265163982645,4.683812919709268,1.4324836422682994,1.6469870995847997,0.845227521707629,0.33726346768731963,0.8473376365460059,1.375741802175452,0.0,0.0,0.06176338581381313,0.20392848189093726,0.5934520294523262,0.9475431420339955,0.0,0.0,0.0,0.0,0.19532319106237184,0.0,0.8051038390551613,0.489351117189881,0.6906486144318404,0.0,0.01760721245129182,0.4380043553966164,0.5017908044024841,0.6647889290103284,0.3323954114315233,0.5777059674810068,0.0,0.0,0.23547993939054512,0.885136437270573,0.0,0.6164787891017329,0.0,0.0,0.7969173843997637,1.5557126583015966,0.4013699378247484,0.4664343472854564,0.3532772839350755,0.5744708306730233,0.7511316864423143,0.0,0.0,0.0,3.292491748996496,1.294728791888378
